map,event,reason
13023,10,item:30457
13023,11,item:30457
30040,2,npc:41029;npc:41030;npc:41031;npc:41032
30040,3,npc:41029;npc:41030;npc:41031;npc:41032
30040,4,npc:41029;npc:41030;npc:41031;npc:41032
30040,5,npc:41029;npc:41030;npc:41031;npc:41032
30040,6,npc:41029;npc:41030;npc:41031;npc:41032
30040,7,npc:41029;npc:41030;npc:41031;npc:41032
30040,8,npc:41029;npc:41030;npc:41031;npc:41032
30040,9,npc:41029;npc:41030;npc:41031;npc:41032
30040,10,npc:41029;npc:41030;npc:41031;npc:41032
30040,11,npc:41029;npc:41030;npc:41031;npc:41032
30040,12,npc:41029;npc:41030;npc:41031;npc:41032
30040,13,npc:41029;npc:41030;npc:41031;npc:41032
30040,14,npc:41028;npc:41029;npc:41030;npc:41031;npc:41032
30040,18,npc:41029;npc:41030;npc:41031;npc:41032
30040,19,npc:41029;npc:41030;npc:41031;npc:41032
30040,20,npc:41029;npc:41030;npc:41031;npc:41032
30040,21,npc:41029;npc:41030;npc:41031;npc:41032
30041,1,npc:41035;npc:41036;npc:41037;npc:41038;npc:41039;npc:41040;npc:41041;npc:41042;npc:41043
30041,2,npc:41035;npc:41036;npc:41037;npc:41038;npc:41039;npc:41040
30041,3,npc:41035;npc:41036;npc:41037;npc:41038;npc:41040;npc:41041
30041,4,npc:41035;npc:41036;npc:41037;npc:41038;npc:41041;npc:41042
30041,5,npc:41035;npc:41036;npc:41037;npc:41038;npc:41039;npc:41042
30041,6,npc:41035;npc:41036;npc:41037;npc:41038
30041,7,npc:41035;npc:41036;npc:41037;npc:41038
30041,8,npc:41035;npc:41036;npc:41037;npc:41038
30041,9,npc:41035;npc:41036;npc:41037;npc:41038
30041,10,npc:41035;npc:41036;npc:41037;npc:41038
30041,11,npc:41035;npc:41036;npc:41037;npc:41038
30041,12,npc:41035;npc:41036;npc:41037;npc:41038
30041,13,npc:41035;npc:41036;npc:41037;npc:41038
30041,14,npc:41035;npc:41036;npc:41037;npc:41038
30041,15,npc:41035;npc:41036;npc:41037;npc:41038
30041,16,npc:41035;npc:41036;npc:41037;npc:41038
30041,17,npc:41035;npc:41036;npc:41037;npc:41038
30041,18,npc:41035;npc:41036;npc:41037;npc:41038
10041,1,special_event_lifecycle_contract_missing
10042,1,special_event_lifecycle_contract_missing
10043,1,special_event_lifecycle_contract_missing
10044,1,special_event_lifecycle_contract_missing
10045,1,special_event_lifecycle_contract_missing;unsupported_capacity_operand_or_comparison
10046,1,special_event_lifecycle_contract_missing;unsupported_capacity_operand_or_comparison
10047,1,special_event_lifecycle_contract_missing;unsupported_capacity_operand_or_comparison
10048,1,special_event_lifecycle_contract_missing;unsupported_capacity_operand_or_comparison
10049,1,special_event_lifecycle_contract_missing;unsupported_capacity_operand_or_comparison
10050,1,special_event_lifecycle_contract_missing;unsupported_capacity_operand_or_comparison
10051,1,special_event_lifecycle_contract_missing;unsupported_capacity_operand_or_comparison
10052,1,special_event_lifecycle_contract_missing;unsupported_capacity_operand_or_comparison
10054,1,special_event_lifecycle_contract_missing;unsupported_capacity_operand_or_comparison
10055,1,special_event_lifecycle_contract_missing;unsupported_capacity_operand_or_comparison
10056,1,special_event_lifecycle_contract_missing;unsupported_capacity_operand_or_comparison
10065,6,siege_state_protocol_mapping_missing;unsupported_condition_type
10065,7,siege_state_protocol_mapping_missing;unsupported_condition_type
10065,8,siege_state_protocol_mapping_missing;unsupported_condition_type
10065,9,siege_state_protocol_mapping_missing;unsupported_condition_type
10065,10,siege_state_protocol_mapping_missing;unsupported_condition_type
10065,11,siege_state_protocol_mapping_missing;unsupported_condition_type
10065,12,siege_state_protocol_mapping_missing;unsupported_condition_type
10065,13,siege_state_protocol_mapping_missing;unsupported_condition_type
10065,14,siege_state_protocol_mapping_missing;unsupported_condition_type
10065,15,siege_state_protocol_mapping_missing;unsupported_condition_type
10066,5,siege_state_protocol_mapping_missing;unsupported_condition_type
10066,6,siege_state_protocol_mapping_missing;unsupported_condition_type
10066,7,siege_state_protocol_mapping_missing;unsupported_condition_type
10066,8,siege_state_protocol_mapping_missing;unsupported_condition_type
10066,9,siege_state_protocol_mapping_missing;unsupported_condition_type
10066,10,siege_state_protocol_mapping_missing;unsupported_condition_type
10066,11,siege_state_protocol_mapping_missing;unsupported_condition_type
10066,12,siege_state_protocol_mapping_missing;unsupported_condition_type
10066,13,siege_state_protocol_mapping_missing;unsupported_condition_type
10068,1,unsupported_condition_type
10068,6,siege_state_protocol_mapping_missing;unsupported_condition_type
10068,7,siege_state_protocol_mapping_missing;unsupported_condition_type
10068,8,siege_state_protocol_mapping_missing;unsupported_condition_type
10068,9,siege_state_protocol_mapping_missing;unsupported_condition_type
10068,10,siege_state_protocol_mapping_missing;unsupported_condition_type
10068,11,siege_state_protocol_mapping_missing;unsupported_condition_type
10068,12,siege_state_protocol_mapping_missing;unsupported_condition_type
10068,13,siege_state_protocol_mapping_missing;unsupported_condition_type
10068,14,siege_state_protocol_mapping_missing;unsupported_condition_type
10068,15,siege_state_protocol_mapping_missing;unsupported_condition_type
10068,16,siege_state_protocol_mapping_missing;unsupported_condition_type
10068,17,siege_state_protocol_mapping_missing;unsupported_condition_type
10082,1,special_event_lifecycle_contract_missing
10085,1,special_event_lifecycle_contract_missing;unsupported_condition_type
10104,3,special_event_lifecycle_contract_missing;unsupported_capacity_operand_or_comparison
10105,3,special_event_lifecycle_contract_missing;unsupported_capacity_operand_or_comparison
10106,3,special_event_lifecycle_contract_missing;unsupported_capacity_operand_or_comparison
10107,3,special_event_lifecycle_contract_missing;unsupported_capacity_operand_or_comparison
10108,5,special_event_lifecycle_contract_missing;unsupported_capacity_operand_or_comparison
10109,3,special_event_lifecycle_contract_missing;unsupported_capacity_operand_or_comparison
10110,3,special_event_lifecycle_contract_missing;unsupported_capacity_operand_or_comparison
10111,3,special_event_lifecycle_contract_missing;unsupported_capacity_operand_or_comparison
10112,3,special_event_lifecycle_contract_missing
10113,3,special_event_lifecycle_contract_missing;unsupported_capacity_operand_or_comparison
10114,3,special_event_lifecycle_contract_missing;unsupported_capacity_operand_or_comparison
10115,3,special_event_lifecycle_contract_missing;unsupported_capacity_operand_or_comparison
10116,3,special_event_lifecycle_contract_missing;unsupported_capacity_operand_or_comparison
10180,1,special_event_lifecycle_contract_missing
10181,1,special_event_lifecycle_contract_missing
10182,1,special_event_lifecycle_contract_missing
10183,1,special_event_lifecycle_contract_missing
10184,1,special_event_lifecycle_contract_missing;unsupported_capacity_operand_or_comparison
10185,1,special_event_lifecycle_contract_missing;unsupported_capacity_operand_or_comparison
10186,1,special_event_lifecycle_contract_missing;unsupported_capacity_operand_or_comparison
10187,1,special_event_lifecycle_contract_missing;unsupported_capacity_operand_or_comparison
10188,1,special_event_lifecycle_contract_missing;unsupported_capacity_operand_or_comparison
10189,1,special_event_lifecycle_contract_missing;unsupported_capacity_operand_or_comparison
10190,1,special_event_lifecycle_contract_missing;unsupported_capacity_operand_or_comparison
10191,1,special_event_lifecycle_contract_missing;unsupported_capacity_operand_or_comparison
10192,1,special_event_lifecycle_contract_missing;unsupported_capacity_operand_or_comparison
10193,1,special_event_lifecycle_contract_missing;unsupported_capacity_operand_or_comparison
10194,1,special_event_lifecycle_contract_missing;unsupported_capacity_operand_or_comparison
10195,3,special_event_lifecycle_contract_missing;unsupported_capacity_operand_or_comparison
10196,3,special_event_lifecycle_contract_missing;unsupported_capacity_operand_or_comparison
10197,3,special_event_lifecycle_contract_missing;unsupported_capacity_operand_or_comparison
10198,3,special_event_lifecycle_contract_missing;unsupported_capacity_operand_or_comparison
10199,1,special_event_lifecycle_contract_missing;unsupported_capacity_operand_or_comparison
11003,55,special_event_lifecycle_contract_missing;system_service_contract_missing;unsupported_companion_or_subject;unsupported_condition_type
11026,4,gathering_pool_mapping_and_weights_missing;unsupported_condition_type
11035,1,gathering_pool_mapping_and_weights_missing;unsupported_condition_type
11042,5,gathering_pool_mapping_and_weights_missing;unsupported_condition_type
11046,9,gathering_pool_mapping_and_weights_missing;unsupported_condition_type
11047,4,gathering_pool_mapping_and_weights_missing;unsupported_condition_type
11070,2,gathering_pool_mapping_and_weights_missing;unsupported_condition_type
11149,2,unsupported_companion_or_subject
11185,4,unsupported_companion_or_subject
11210,1,unsupported_companion_or_subject
11210,6,unsupported_companion_or_subject
11210,11,unsupported_companion_or_subject
12006,3,gathering_pool_mapping_and_weights_missing;unsupported_condition_type
12007,6,gathering_pool_mapping_and_weights_missing;unsupported_condition_type
12009,3,gathering_pool_mapping_and_weights_missing;unsupported_condition_type
12161,2,gathering_pool_mapping_and_weights_missing;unsupported_condition_type
12211,2,unsupported_companion_or_subject
12267,2,gathering_pool_mapping_and_weights_missing;unsupported_condition_type
12306,6,gathering_pool_mapping_and_weights_missing;unsupported_condition_type
12363,11,gathering_pool_mapping_and_weights_missing;unsupported_condition_type
12401,2,gathering_pool_mapping_and_weights_missing;unsupported_condition_type
12765,13,unsupported_companion_or_subject
12765,15,unsupported_companion_or_subject
12801,2,special_event_lifecycle_contract_missing
12816,1,special_event_lifecycle_contract_missing
12817,1,special_event_lifecycle_contract_missing
12818,2,special_event_lifecycle_contract_missing
12818,4,special_event_lifecycle_contract_missing
12819,1,special_event_lifecycle_contract_missing
12820,2,special_event_lifecycle_contract_missing
12821,3,special_event_lifecycle_contract_missing
12822,3,special_event_lifecycle_contract_missing
12823,2,special_event_lifecycle_contract_missing
12824,3,special_event_lifecycle_contract_missing
12825,3,special_event_lifecycle_contract_missing
12826,3,special_event_lifecycle_contract_missing
12827,1,special_event_lifecycle_contract_missing
12827,4,special_event_lifecycle_contract_missing
13500,3,special_event_lifecycle_contract_missing
13501,2,special_event_lifecycle_contract_missing
13501,4,special_event_lifecycle_contract_missing
13502,3,special_event_lifecycle_contract_missing
13503,3,special_event_lifecycle_contract_missing
13505,9,special_event_lifecycle_contract_missing
30000,1,instance_counter_reset_reward_contract_missing;unsupported_condition_type
30000,2,instance_counter_reset_reward_contract_missing;unsupported_condition_type
30000,3,instance_counter_reset_reward_contract_missing;unsupported_condition_type
30000,4,instance_counter_reset_reward_contract_missing;unsupported_condition_type
30000,5,instance_counter_reset_reward_contract_missing;unsupported_condition_type
30000,6,instance_counter_reset_reward_contract_missing;unsupported_condition_type
30000,7,instance_counter_reset_reward_contract_missing;unsupported_condition_type
30000,8,instance_counter_reset_reward_contract_missing;unsupported_condition_type
30000,9,instance_counter_reset_reward_contract_missing;unsupported_condition_type
30000,10,instance_counter_reset_reward_contract_missing;unsupported_condition_type
30000,11,instance_counter_reset_reward_contract_missing;unsupported_condition_type
30000,12,instance_counter_reset_reward_contract_missing;unsupported_condition_type
30000,13,instance_counter_reset_reward_contract_missing;unsupported_condition_type
30000,14,instance_counter_reset_reward_contract_missing;unsupported_condition_type
30000,15,instance_counter_reset_reward_contract_missing;unsupported_condition_type
30000,16,instance_counter_reset_reward_contract_missing;unsupported_condition_type
30000,17,instance_counter_reset_reward_contract_missing;unsupported_condition_type
30000,18,instance_counter_reset_reward_contract_missing;unsupported_condition_type
30000,19,instance_counter_reset_reward_contract_missing;unsupported_condition_type
30000,20,instance_counter_reset_reward_contract_missing;unsupported_condition_type
30000,21,instance_counter_reset_reward_contract_missing;unsupported_condition_type
30000,22,instance_counter_reset_reward_contract_missing;unsupported_condition_type
30000,23,instance_counter_reset_reward_contract_missing;unsupported_condition_type
30000,24,instance_counter_reset_reward_contract_missing;unsupported_condition_type
30000,25,instance_counter_reset_reward_contract_missing;unsupported_condition_type
30000,26,instance_counter_reset_reward_contract_missing;unsupported_condition_type
30000,27,instance_counter_reset_reward_contract_missing;unsupported_condition_type
30000,28,instance_counter_reset_reward_contract_missing;unsupported_condition_type
30000,29,instance_counter_reset_reward_contract_missing;unsupported_condition_type
30000,30,instance_counter_reset_reward_contract_missing;unsupported_condition_type
30000,31,instance_counter_reset_reward_contract_missing;unsupported_condition_type
30000,32,instance_counter_reset_reward_contract_missing;unsupported_condition_type
30000,33,instance_counter_reset_reward_contract_missing;unsupported_condition_type
30000,34,instance_counter_reset_reward_contract_missing;unsupported_condition_type
30000,35,instance_counter_reset_reward_contract_missing;unsupported_condition_type
30000,36,instance_counter_reset_reward_contract_missing;unsupported_condition_type
30000,37,instance_counter_reset_reward_contract_missing;unsupported_condition_type
30000,38,instance_counter_reset_reward_contract_missing;unsupported_condition_type
30000,39,instance_counter_reset_reward_contract_missing;unsupported_condition_type
30000,40,instance_counter_reset_reward_contract_missing;unsupported_condition_type
30000,41,instance_counter_reset_reward_contract_missing;unsupported_condition_type
30000,42,instance_counter_reset_reward_contract_missing;unsupported_condition_type
30000,43,instance_counter_reset_reward_contract_missing;unsupported_condition_type
30000,44,instance_counter_reset_reward_contract_missing;unsupported_condition_type
30000,45,instance_counter_reset_reward_contract_missing;unsupported_condition_type
30000,46,instance_counter_reset_reward_contract_missing;unsupported_condition_type
30000,47,instance_counter_reset_reward_contract_missing;unsupported_condition_type
30000,48,special_event_lifecycle_contract_missing;unsupported_condition_type
30001,1,instance_counter_reset_reward_contract_missing;unsupported_condition_type
30001,2,instance_counter_reset_reward_contract_missing;unsupported_condition_type
30001,3,instance_counter_reset_reward_contract_missing;unsupported_condition_type
30001,4,instance_counter_reset_reward_contract_missing;unsupported_condition_type
30001,5,instance_counter_reset_reward_contract_missing;unsupported_condition_type
30001,6,instance_counter_reset_reward_contract_missing;unsupported_condition_type
30001,7,instance_counter_reset_reward_contract_missing;unsupported_condition_type
30001,8,instance_counter_reset_reward_contract_missing;unsupported_condition_type
30001,9,instance_counter_reset_reward_contract_missing;unsupported_condition_type
30001,10,instance_counter_reset_reward_contract_missing;unsupported_condition_type
30001,11,instance_counter_reset_reward_contract_missing;unsupported_condition_type
30001,12,instance_counter_reset_reward_contract_missing;unsupported_condition_type
30001,13,instance_counter_reset_reward_contract_missing;unsupported_condition_type
30001,14,instance_counter_reset_reward_contract_missing;unsupported_condition_type
30001,15,instance_counter_reset_reward_contract_missing;unsupported_condition_type
30001,16,instance_counter_reset_reward_contract_missing;unsupported_condition_type
30001,17,instance_counter_reset_reward_contract_missing;unsupported_condition_type
30001,18,instance_counter_reset_reward_contract_missing;unsupported_condition_type
30001,19,instance_counter_reset_reward_contract_missing;unsupported_condition_type
30001,20,instance_counter_reset_reward_contract_missing;unsupported_condition_type
30001,21,instance_counter_reset_reward_contract_missing;unsupported_condition_type
30001,22,instance_counter_reset_reward_contract_missing;unsupported_condition_type
30001,23,instance_counter_reset_reward_contract_missing;unsupported_condition_type
30001,24,instance_counter_reset_reward_contract_missing;unsupported_condition_type
30001,25,instance_counter_reset_reward_contract_missing;unsupported_condition_type
30001,26,instance_counter_reset_reward_contract_missing;unsupported_condition_type
30001,27,instance_counter_reset_reward_contract_missing;unsupported_condition_type
30001,28,instance_counter_reset_reward_contract_missing;unsupported_condition_type
30001,29,instance_counter_reset_reward_contract_missing;unsupported_condition_type
30001,30,instance_counter_reset_reward_contract_missing;unsupported_condition_type
30001,31,instance_counter_reset_reward_contract_missing;unsupported_condition_type
30001,32,instance_counter_reset_reward_contract_missing;unsupported_condition_type
30001,33,instance_counter_reset_reward_contract_missing;unsupported_condition_type
30001,34,instance_counter_reset_reward_contract_missing;unsupported_condition_type
30001,35,instance_counter_reset_reward_contract_missing;unsupported_condition_type
30001,36,instance_counter_reset_reward_contract_missing;unsupported_condition_type
30001,37,instance_counter_reset_reward_contract_missing;unsupported_condition_type
30001,38,instance_counter_reset_reward_contract_missing;unsupported_condition_type
30001,39,instance_counter_reset_reward_contract_missing;unsupported_condition_type
30001,40,instance_counter_reset_reward_contract_missing;unsupported_condition_type
30001,41,instance_counter_reset_reward_contract_missing;unsupported_condition_type
30001,42,instance_counter_reset_reward_contract_missing;unsupported_condition_type
30001,43,instance_counter_reset_reward_contract_missing;unsupported_condition_type
30001,44,instance_counter_reset_reward_contract_missing;unsupported_condition_type
30001,45,instance_counter_reset_reward_contract_missing;unsupported_condition_type
30001,46,instance_counter_reset_reward_contract_missing;unsupported_condition_type
30001,47,instance_counter_reset_reward_contract_missing;unsupported_condition_type
30001,48,instance_counter_reset_reward_contract_missing;unsupported_condition_type
30001,49,instance_counter_reset_reward_contract_missing;unsupported_condition_type
30001,50,instance_counter_reset_reward_contract_missing;unsupported_condition_type
30001,51,instance_counter_reset_reward_contract_missing;unsupported_condition_type
30001,52,instance_counter_reset_reward_contract_missing;unsupported_condition_type
30001,53,instance_counter_reset_reward_contract_missing;unsupported_condition_type
30001,54,instance_counter_reset_reward_contract_missing;unsupported_condition_type
30001,55,instance_counter_reset_reward_contract_missing;unsupported_condition_type
30001,56,instance_counter_reset_reward_contract_missing;unsupported_condition_type
30001,57,instance_counter_reset_reward_contract_missing;unsupported_condition_type
30001,58,instance_counter_reset_reward_contract_missing;unsupported_condition_type
30001,59,instance_counter_reset_reward_contract_missing;unsupported_condition_type
30001,60,instance_counter_reset_reward_contract_missing;unsupported_condition_type
30001,61,instance_counter_reset_reward_contract_missing;unsupported_condition_type
30001,62,instance_counter_reset_reward_contract_missing;unsupported_condition_type
30001,63,instance_counter_reset_reward_contract_missing;unsupported_condition_type
30001,64,instance_counter_reset_reward_contract_missing;unsupported_condition_type
30001,65,instance_counter_reset_reward_contract_missing;unsupported_condition_type
30001,66,instance_counter_reset_reward_contract_missing;unsupported_condition_type
30001,67,instance_counter_reset_reward_contract_missing;unsupported_condition_type
30001,68,instance_counter_reset_reward_contract_missing;unsupported_condition_type
30001,69,instance_counter_reset_reward_contract_missing;unsupported_condition_type
30001,70,special_event_lifecycle_contract_missing;unsupported_condition_type
30002,1,instance_counter_reset_reward_contract_missing;unsupported_condition_type
30002,2,instance_counter_reset_reward_contract_missing;unsupported_condition_type
30002,3,instance_counter_reset_reward_contract_missing;unsupported_condition_type
30002,4,instance_counter_reset_reward_contract_missing;unsupported_condition_type
30002,5,instance_counter_reset_reward_contract_missing;unsupported_condition_type
30002,6,instance_counter_reset_reward_contract_missing;unsupported_condition_type
30002,7,instance_counter_reset_reward_contract_missing;unsupported_condition_type
30002,8,instance_counter_reset_reward_contract_missing;unsupported_condition_type
30002,9,instance_counter_reset_reward_contract_missing;unsupported_condition_type
30002,10,instance_counter_reset_reward_contract_missing;unsupported_condition_type
30002,11,instance_counter_reset_reward_contract_missing;unsupported_condition_type
30002,12,instance_counter_reset_reward_contract_missing;unsupported_condition_type
30002,13,instance_counter_reset_reward_contract_missing;unsupported_condition_type
30002,14,instance_counter_reset_reward_contract_missing;unsupported_condition_type
30002,15,instance_counter_reset_reward_contract_missing;unsupported_condition_type
30002,16,instance_counter_reset_reward_contract_missing
30002,17,instance_counter_reset_reward_contract_missing;unsupported_condition_type
30002,18,instance_counter_reset_reward_contract_missing;unsupported_condition_type
30002,19,instance_counter_reset_reward_contract_missing;unsupported_condition_type
30002,20,instance_counter_reset_reward_contract_missing;unsupported_condition_type
30002,21,instance_counter_reset_reward_contract_missing;unsupported_condition_type
30002,22,instance_counter_reset_reward_contract_missing;unsupported_condition_type
30002,23,instance_counter_reset_reward_contract_missing;unsupported_condition_type
30002,24,instance_counter_reset_reward_contract_missing;unsupported_condition_type
30002,25,instance_counter_reset_reward_contract_missing;unsupported_condition_type
30002,26,instance_counter_reset_reward_contract_missing;unsupported_condition_type
30002,27,instance_counter_reset_reward_contract_missing;unsupported_condition_type
30002,28,instance_counter_reset_reward_contract_missing;unsupported_condition_type
30002,29,instance_counter_reset_reward_contract_missing;unsupported_condition_type
30002,30,instance_counter_reset_reward_contract_missing;unsupported_condition_type
30002,31,instance_counter_reset_reward_contract_missing;unsupported_condition_type
30002,32,special_event_lifecycle_contract_missing;unsupported_condition_type
30002,33,instance_counter_reset_reward_contract_missing;unsupported_condition_type
30002,34,instance_counter_reset_reward_contract_missing;unsupported_condition_type
30002,35,instance_counter_reset_reward_contract_missing;unsupported_condition_type
30002,36,instance_counter_reset_reward_contract_missing;unsupported_condition_type
30002,37,instance_counter_reset_reward_contract_missing;unsupported_condition_type
30002,38,instance_counter_reset_reward_contract_missing;unsupported_condition_type
30002,39,instance_counter_reset_reward_contract_missing;unsupported_condition_type
30002,40,instance_counter_reset_reward_contract_missing;unsupported_condition_type
30002,41,instance_counter_reset_reward_contract_missing;unsupported_condition_type
30002,42,instance_counter_reset_reward_contract_missing;unsupported_condition_type
30002,43,instance_counter_reset_reward_contract_missing;unsupported_condition_type
30002,44,instance_counter_reset_reward_contract_missing;unsupported_condition_type
30003,1,instance_counter_reset_reward_contract_missing;unsupported_condition_type
30003,2,instance_counter_reset_reward_contract_missing;unsupported_condition_type
30003,3,instance_counter_reset_reward_contract_missing;unsupported_condition_type
30003,4,instance_counter_reset_reward_contract_missing;unsupported_condition_type
30003,5,instance_counter_reset_reward_contract_missing;unsupported_condition_type
30003,6,instance_counter_reset_reward_contract_missing;unsupported_condition_type
30003,7,instance_counter_reset_reward_contract_missing;unsupported_condition_type
30003,8,instance_counter_reset_reward_contract_missing;unsupported_condition_type
30003,9,instance_counter_reset_reward_contract_missing;unsupported_condition_type
30003,10,instance_counter_reset_reward_contract_missing;unsupported_condition_type
30003,11,instance_counter_reset_reward_contract_missing;unsupported_condition_type
30003,12,instance_counter_reset_reward_contract_missing;unsupported_condition_type
30003,13,instance_counter_reset_reward_contract_missing;unsupported_condition_type
30003,14,instance_counter_reset_reward_contract_missing;unsupported_condition_type
30003,15,instance_counter_reset_reward_contract_missing;unsupported_condition_type
30003,16,instance_counter_reset_reward_contract_missing;unsupported_condition_type
30003,17,instance_counter_reset_reward_contract_missing;unsupported_condition_type
30003,18,instance_counter_reset_reward_contract_missing;unsupported_condition_type
30003,19,instance_counter_reset_reward_contract_missing;unsupported_condition_type
30003,20,instance_counter_reset_reward_contract_missing;unsupported_condition_type
30003,21,instance_counter_reset_reward_contract_missing;unsupported_condition_type
30003,22,instance_counter_reset_reward_contract_missing;unsupported_condition_type
30003,23,instance_counter_reset_reward_contract_missing;unsupported_condition_type
30003,24,instance_counter_reset_reward_contract_missing;unsupported_condition_type
30003,25,instance_counter_reset_reward_contract_missing;unsupported_condition_type
30003,26,instance_counter_reset_reward_contract_missing;unsupported_condition_type
30003,27,instance_counter_reset_reward_contract_missing;unsupported_condition_type
30003,28,instance_counter_reset_reward_contract_missing;unsupported_condition_type
30003,29,instance_counter_reset_reward_contract_missing;unsupported_condition_type
30003,30,instance_counter_reset_reward_contract_missing;unsupported_condition_type
30003,31,instance_counter_reset_reward_contract_missing;unsupported_condition_type
30003,32,instance_counter_reset_reward_contract_missing;unsupported_condition_type
30003,33,instance_counter_reset_reward_contract_missing;unsupported_condition_type
30003,34,instance_counter_reset_reward_contract_missing;unsupported_condition_type
30003,35,instance_counter_reset_reward_contract_missing;unsupported_condition_type
30003,36,instance_counter_reset_reward_contract_missing;unsupported_condition_type
30003,37,special_event_lifecycle_contract_missing;unsupported_condition_type
30004,1,instance_counter_reset_reward_contract_missing;unsupported_condition_type
30004,2,instance_counter_reset_reward_contract_missing;unsupported_condition_type
30004,3,instance_counter_reset_reward_contract_missing;unsupported_condition_type
30004,4,instance_counter_reset_reward_contract_missing;unsupported_condition_type
30004,5,instance_counter_reset_reward_contract_missing;unsupported_condition_type
30004,6,instance_counter_reset_reward_contract_missing;unsupported_condition_type
30004,7,instance_counter_reset_reward_contract_missing;unsupported_condition_type
30004,8,instance_counter_reset_reward_contract_missing;unsupported_condition_type
30004,9,instance_counter_reset_reward_contract_missing;unsupported_condition_type
30004,10,instance_counter_reset_reward_contract_missing;unsupported_condition_type
30004,11,instance_counter_reset_reward_contract_missing;unsupported_condition_type
30004,12,instance_counter_reset_reward_contract_missing;unsupported_condition_type
30004,13,instance_counter_reset_reward_contract_missing;unsupported_condition_type
30004,14,instance_counter_reset_reward_contract_missing;unsupported_condition_type
30004,15,instance_counter_reset_reward_contract_missing;unsupported_condition_type
30004,16,instance_counter_reset_reward_contract_missing;unsupported_condition_type
30004,17,instance_counter_reset_reward_contract_missing;unsupported_condition_type
30004,18,instance_counter_reset_reward_contract_missing;unsupported_condition_type
30004,19,instance_counter_reset_reward_contract_missing;unsupported_condition_type
30004,20,instance_counter_reset_reward_contract_missing;unsupported_condition_type
30004,21,instance_counter_reset_reward_contract_missing;unsupported_condition_type
30004,22,instance_counter_reset_reward_contract_missing;unsupported_condition_type
30004,23,instance_counter_reset_reward_contract_missing;unsupported_condition_type
30004,24,instance_counter_reset_reward_contract_missing;unsupported_condition_type
30004,25,instance_counter_reset_reward_contract_missing;unsupported_condition_type
30004,26,instance_counter_reset_reward_contract_missing;unsupported_condition_type
30004,27,instance_counter_reset_reward_contract_missing;unsupported_condition_type
30004,28,instance_counter_reset_reward_contract_missing;unsupported_condition_type
30004,29,instance_counter_reset_reward_contract_missing;unsupported_condition_type
30004,30,instance_counter_reset_reward_contract_missing;unsupported_condition_type
30004,31,instance_counter_reset_reward_contract_missing;unsupported_condition_type
30004,32,instance_counter_reset_reward_contract_missing;unsupported_condition_type
30004,33,instance_counter_reset_reward_contract_missing;unsupported_condition_type
30004,34,instance_counter_reset_reward_contract_missing;unsupported_condition_type
30004,35,instance_counter_reset_reward_contract_missing;unsupported_condition_type
30004,36,instance_counter_reset_reward_contract_missing;unsupported_condition_type
30004,37,instance_counter_reset_reward_contract_missing;unsupported_condition_type
30004,38,instance_counter_reset_reward_contract_missing;unsupported_condition_type
30004,39,instance_counter_reset_reward_contract_missing;unsupported_condition_type
30004,40,instance_counter_reset_reward_contract_missing;unsupported_condition_type
30004,41,instance_counter_reset_reward_contract_missing;unsupported_condition_type
30004,42,special_event_lifecycle_contract_missing;unsupported_condition_type
30005,1,instance_counter_reset_reward_contract_missing;unsupported_condition_type
30005,2,instance_counter_reset_reward_contract_missing;unsupported_condition_type
30005,3,instance_counter_reset_reward_contract_missing;unsupported_condition_type
30005,4,instance_counter_reset_reward_contract_missing;unsupported_condition_type
30005,5,instance_counter_reset_reward_contract_missing;unsupported_condition_type
30005,6,instance_counter_reset_reward_contract_missing;unsupported_condition_type
30005,7,instance_counter_reset_reward_contract_missing;unsupported_condition_type
30005,8,instance_counter_reset_reward_contract_missing;unsupported_condition_type
30005,9,instance_counter_reset_reward_contract_missing;unsupported_condition_type
30005,10,instance_counter_reset_reward_contract_missing;unsupported_condition_type
30005,11,instance_counter_reset_reward_contract_missing;unsupported_condition_type
30005,12,instance_counter_reset_reward_contract_missing;unsupported_condition_type
30005,13,instance_counter_reset_reward_contract_missing;unsupported_condition_type
30005,14,instance_counter_reset_reward_contract_missing;unsupported_condition_type
30005,15,instance_counter_reset_reward_contract_missing;unsupported_condition_type
30005,16,instance_counter_reset_reward_contract_missing;unsupported_condition_type
30005,17,instance_counter_reset_reward_contract_missing;unsupported_condition_type
30005,18,instance_counter_reset_reward_contract_missing;unsupported_condition_type
30005,19,instance_counter_reset_reward_contract_missing;unsupported_condition_type
30005,20,instance_counter_reset_reward_contract_missing;unsupported_condition_type
30005,21,instance_counter_reset_reward_contract_missing;unsupported_condition_type
30005,22,instance_counter_reset_reward_contract_missing;unsupported_condition_type
30005,23,instance_counter_reset_reward_contract_missing;unsupported_condition_type
30005,24,instance_counter_reset_reward_contract_missing;unsupported_condition_type
30005,25,instance_counter_reset_reward_contract_missing;unsupported_condition_type
30005,26,instance_counter_reset_reward_contract_missing;unsupported_condition_type
30005,27,instance_counter_reset_reward_contract_missing;unsupported_condition_type
30005,28,instance_counter_reset_reward_contract_missing;unsupported_condition_type
30005,29,instance_counter_reset_reward_contract_missing;unsupported_condition_type
30005,30,instance_counter_reset_reward_contract_missing;unsupported_condition_type
30005,31,instance_counter_reset_reward_contract_missing;unsupported_condition_type
30005,32,instance_counter_reset_reward_contract_missing;unsupported_condition_type
30005,33,instance_counter_reset_reward_contract_missing;unsupported_condition_type
30005,34,instance_counter_reset_reward_contract_missing;unsupported_condition_type
30005,35,instance_counter_reset_reward_contract_missing;unsupported_condition_type
30005,36,instance_counter_reset_reward_contract_missing;unsupported_condition_type
30005,37,instance_counter_reset_reward_contract_missing;unsupported_condition_type
30005,38,instance_counter_reset_reward_contract_missing;unsupported_condition_type
30005,39,instance_counter_reset_reward_contract_missing;unsupported_condition_type
30005,40,instance_counter_reset_reward_contract_missing;unsupported_condition_type
30005,41,instance_counter_reset_reward_contract_missing;unsupported_condition_type
30005,42,instance_counter_reset_reward_contract_missing;unsupported_condition_type
30005,43,instance_counter_reset_reward_contract_missing;unsupported_condition_type
30005,44,instance_counter_reset_reward_contract_missing;unsupported_condition_type
30005,45,instance_counter_reset_reward_contract_missing;unsupported_condition_type
30005,46,instance_counter_reset_reward_contract_missing;unsupported_condition_type
30005,47,instance_counter_reset_reward_contract_missing;unsupported_condition_type
30006,1,instance_counter_reset_reward_contract_missing;unsupported_condition_type
30006,2,instance_counter_reset_reward_contract_missing;unsupported_condition_type
30006,3,instance_counter_reset_reward_contract_missing;unsupported_condition_type
30006,4,special_event_lifecycle_contract_missing;unsupported_condition_type
30006,5,instance_counter_reset_reward_contract_missing;unsupported_condition_type
30006,6,instance_counter_reset_reward_contract_missing;unsupported_condition_type
30006,7,instance_counter_reset_reward_contract_missing;unsupported_condition_type
30006,8,instance_counter_reset_reward_contract_missing;unsupported_condition_type
30006,9,instance_counter_reset_reward_contract_missing;unsupported_condition_type
30006,10,instance_counter_reset_reward_contract_missing;unsupported_condition_type
30006,11,instance_counter_reset_reward_contract_missing;unsupported_condition_type
30006,12,instance_counter_reset_reward_contract_missing;unsupported_condition_type
30006,13,instance_counter_reset_reward_contract_missing;unsupported_condition_type
30006,14,instance_counter_reset_reward_contract_missing;unsupported_condition_type
30006,15,instance_counter_reset_reward_contract_missing;unsupported_condition_type
30006,16,instance_counter_reset_reward_contract_missing;unsupported_condition_type
30006,18,instance_counter_reset_reward_contract_missing;unsupported_condition_type
30006,19,instance_counter_reset_reward_contract_missing;unsupported_condition_type
30006,20,instance_counter_reset_reward_contract_missing;unsupported_condition_type
30006,21,instance_counter_reset_reward_contract_missing;unsupported_condition_type
30006,23,instance_counter_reset_reward_contract_missing;unsupported_condition_type
30006,24,instance_counter_reset_reward_contract_missing;unsupported_condition_type
30006,25,instance_counter_reset_reward_contract_missing;unsupported_condition_type
30006,26,instance_counter_reset_reward_contract_missing;unsupported_condition_type
30006,27,instance_counter_reset_reward_contract_missing;unsupported_condition_type
30006,28,instance_counter_reset_reward_contract_missing;unsupported_condition_type
30006,29,instance_counter_reset_reward_contract_missing;unsupported_condition_type
30006,30,instance_counter_reset_reward_contract_missing;unsupported_condition_type
30006,31,instance_counter_reset_reward_contract_missing;unsupported_condition_type
30006,32,instance_counter_reset_reward_contract_missing;unsupported_condition_type
30006,33,instance_counter_reset_reward_contract_missing;unsupported_condition_type
30006,34,instance_counter_reset_reward_contract_missing;unsupported_condition_type
30006,35,instance_counter_reset_reward_contract_missing;unsupported_condition_type
30006,36,instance_counter_reset_reward_contract_missing;unsupported_condition_type
30006,37,instance_counter_reset_reward_contract_missing;unsupported_condition_type
30006,38,instance_counter_reset_reward_contract_missing;unsupported_condition_type
30006,39,instance_counter_reset_reward_contract_missing;unsupported_condition_type
30006,40,instance_counter_reset_reward_contract_missing;unsupported_condition_type
30006,41,instance_counter_reset_reward_contract_missing;unsupported_condition_type
30006,42,instance_counter_reset_reward_contract_missing;unsupported_condition_type
30006,43,instance_counter_reset_reward_contract_missing;unsupported_condition_type
30006,44,instance_counter_reset_reward_contract_missing;unsupported_condition_type
30006,45,instance_counter_reset_reward_contract_missing;unsupported_condition_type
30006,46,instance_counter_reset_reward_contract_missing;unsupported_condition_type
30006,47,instance_counter_reset_reward_contract_missing;unsupported_condition_type
30006,48,instance_counter_reset_reward_contract_missing;unsupported_condition_type
30006,49,instance_counter_reset_reward_contract_missing;unsupported_condition_type
30006,50,instance_counter_reset_reward_contract_missing;unsupported_condition_type
30006,51,instance_counter_reset_reward_contract_missing;unsupported_condition_type
30006,52,instance_counter_reset_reward_contract_missing;unsupported_condition_type
30006,53,instance_counter_reset_reward_contract_missing;unsupported_condition_type
30006,54,instance_counter_reset_reward_contract_missing;unsupported_condition_type
30006,55,instance_counter_reset_reward_contract_missing;unsupported_condition_type
30006,56,instance_counter_reset_reward_contract_missing;unsupported_condition_type
30006,57,instance_counter_reset_reward_contract_missing;unsupported_condition_type
30006,58,instance_counter_reset_reward_contract_missing;unsupported_condition_type
30006,59,instance_counter_reset_reward_contract_missing;unsupported_condition_type
30006,60,instance_counter_reset_reward_contract_missing;unsupported_condition_type
30006,61,instance_counter_reset_reward_contract_missing;unsupported_condition_type
30006,62,instance_counter_reset_reward_contract_missing;unsupported_condition_type
30006,63,instance_counter_reset_reward_contract_missing;unsupported_condition_type
30006,64,instance_counter_reset_reward_contract_missing;unsupported_condition_type
30006,66,instance_counter_reset_reward_contract_missing;unsupported_condition_type
30006,67,instance_counter_reset_reward_contract_missing;unsupported_condition_type
30006,68,instance_counter_reset_reward_contract_missing;unsupported_condition_type
30006,69,instance_counter_reset_reward_contract_missing;unsupported_condition_type
30006,70,instance_counter_reset_reward_contract_missing;unsupported_condition_type
30006,71,instance_counter_reset_reward_contract_missing;unsupported_condition_type
30006,72,instance_counter_reset_reward_contract_missing;unsupported_condition_type
30006,73,instance_counter_reset_reward_contract_missing;unsupported_condition_type
30006,74,instance_counter_reset_reward_contract_missing;unsupported_condition_type
30006,76,instance_counter_reset_reward_contract_missing;unsupported_condition_type
30006,77,instance_counter_reset_reward_contract_missing;unsupported_condition_type
30007,1,instance_counter_reset_reward_contract_missing;unsupported_condition_type
30007,2,instance_counter_reset_reward_contract_missing;unsupported_condition_type
30007,4,instance_counter_reset_reward_contract_missing;unsupported_condition_type
30007,5,instance_counter_reset_reward_contract_missing;unsupported_condition_type
30007,6,instance_counter_reset_reward_contract_missing;unsupported_condition_type
30007,7,instance_counter_reset_reward_contract_missing;unsupported_condition_type
30007,8,instance_counter_reset_reward_contract_missing;unsupported_condition_type
30007,9,instance_counter_reset_reward_contract_missing;unsupported_condition_type
30007,10,instance_counter_reset_reward_contract_missing;unsupported_condition_type
30007,11,instance_counter_reset_reward_contract_missing;unsupported_condition_type
30007,12,instance_counter_reset_reward_contract_missing;unsupported_condition_type
30007,13,instance_counter_reset_reward_contract_missing;unsupported_condition_type
30007,14,instance_counter_reset_reward_contract_missing;unsupported_condition_type
30007,15,instance_counter_reset_reward_contract_missing;unsupported_condition_type
30007,16,instance_counter_reset_reward_contract_missing;unsupported_condition_type
30007,17,instance_counter_reset_reward_contract_missing;unsupported_condition_type
30007,18,instance_counter_reset_reward_contract_missing;unsupported_condition_type
30007,19,instance_counter_reset_reward_contract_missing;unsupported_condition_type
30007,20,instance_counter_reset_reward_contract_missing;unsupported_condition_type
30007,21,instance_counter_reset_reward_contract_missing;unsupported_condition_type
30007,22,instance_counter_reset_reward_contract_missing;unsupported_condition_type
30007,23,instance_counter_reset_reward_contract_missing;unsupported_condition_type
30007,24,instance_counter_reset_reward_contract_missing;unsupported_condition_type
30007,26,instance_counter_reset_reward_contract_missing;unsupported_condition_type
30007,27,instance_counter_reset_reward_contract_missing;unsupported_condition_type
30007,28,instance_counter_reset_reward_contract_missing;unsupported_condition_type
30007,29,instance_counter_reset_reward_contract_missing;unsupported_condition_type
30007,30,instance_counter_reset_reward_contract_missing;unsupported_condition_type
30007,31,instance_counter_reset_reward_contract_missing;unsupported_condition_type
30007,32,instance_counter_reset_reward_contract_missing;unsupported_condition_type
30007,33,instance_counter_reset_reward_contract_missing;unsupported_condition_type
30007,34,instance_counter_reset_reward_contract_missing;unsupported_condition_type
30007,35,instance_counter_reset_reward_contract_missing;unsupported_condition_type
30007,36,instance_counter_reset_reward_contract_missing;unsupported_condition_type
30007,37,instance_counter_reset_reward_contract_missing;unsupported_condition_type
30007,38,instance_counter_reset_reward_contract_missing;unsupported_condition_type
30007,39,instance_counter_reset_reward_contract_missing;unsupported_condition_type
30007,40,instance_counter_reset_reward_contract_missing;unsupported_condition_type
30007,41,instance_counter_reset_reward_contract_missing;unsupported_condition_type
30007,42,instance_counter_reset_reward_contract_missing;unsupported_condition_type
30007,43,instance_counter_reset_reward_contract_missing;unsupported_condition_type
30007,44,instance_counter_reset_reward_contract_missing;unsupported_condition_type
30007,45,instance_counter_reset_reward_contract_missing;unsupported_condition_type
30007,46,instance_counter_reset_reward_contract_missing;unsupported_condition_type
30007,47,instance_counter_reset_reward_contract_missing;unsupported_condition_type
30007,48,instance_counter_reset_reward_contract_missing;unsupported_condition_type
30007,49,instance_counter_reset_reward_contract_missing;unsupported_condition_type
30007,50,instance_counter_reset_reward_contract_missing;unsupported_condition_type
30007,51,instance_counter_reset_reward_contract_missing;unsupported_condition_type
30007,52,instance_counter_reset_reward_contract_missing;unsupported_condition_type
30007,53,instance_counter_reset_reward_contract_missing;unsupported_condition_type
30007,54,instance_counter_reset_reward_contract_missing;unsupported_condition_type
30007,55,instance_counter_reset_reward_contract_missing;unsupported_condition_type
30007,56,instance_counter_reset_reward_contract_missing;unsupported_condition_type
30007,57,instance_counter_reset_reward_contract_missing;unsupported_condition_type
30007,58,instance_counter_reset_reward_contract_missing;unsupported_condition_type
30007,61,instance_counter_reset_reward_contract_missing;unsupported_condition_type
30007,62,instance_counter_reset_reward_contract_missing;unsupported_condition_type
30007,63,instance_counter_reset_reward_contract_missing;unsupported_condition_type
30007,64,instance_counter_reset_reward_contract_missing;unsupported_condition_type
30007,65,instance_counter_reset_reward_contract_missing;unsupported_condition_type
30007,66,instance_counter_reset_reward_contract_missing;unsupported_condition_type
30007,67,instance_counter_reset_reward_contract_missing;unsupported_condition_type
30007,68,instance_counter_reset_reward_contract_missing;unsupported_condition_type
30007,69,instance_counter_reset_reward_contract_missing;unsupported_condition_type
30007,70,instance_counter_reset_reward_contract_missing;unsupported_condition_type
30007,72,instance_counter_reset_reward_contract_missing;unsupported_condition_type
30007,73,instance_counter_reset_reward_contract_missing;unsupported_condition_type
30007,74,instance_counter_reset_reward_contract_missing;unsupported_condition_type
30007,75,instance_counter_reset_reward_contract_missing;unsupported_condition_type
30007,76,instance_counter_reset_reward_contract_missing;unsupported_condition_type
30007,77,instance_counter_reset_reward_contract_missing;unsupported_condition_type
30007,79,instance_counter_reset_reward_contract_missing;unsupported_condition_type
30007,80,instance_counter_reset_reward_contract_missing;unsupported_condition_type
30007,81,instance_counter_reset_reward_contract_missing;special_event_lifecycle_contract_missing;unsupported_condition_type
30007,83,instance_counter_reset_reward_contract_missing;unsupported_condition_type
30007,84,instance_counter_reset_reward_contract_missing;unsupported_condition_type
30007,85,instance_counter_reset_reward_contract_missing;unsupported_condition_type
30007,86,instance_counter_reset_reward_contract_missing;unsupported_condition_type
30007,87,instance_counter_reset_reward_contract_missing;unsupported_condition_type
30008,1,instance_counter_reset_reward_contract_missing;unsupported_condition_type
30008,2,instance_counter_reset_reward_contract_missing;unsupported_condition_type
30008,3,instance_counter_reset_reward_contract_missing;unsupported_condition_type
30008,4,instance_counter_reset_reward_contract_missing;unsupported_condition_type
30008,5,instance_counter_reset_reward_contract_missing;unsupported_condition_type
30008,6,instance_counter_reset_reward_contract_missing;unsupported_condition_type
30008,8,instance_counter_reset_reward_contract_missing;unsupported_condition_type
30008,9,instance_counter_reset_reward_contract_missing;unsupported_condition_type
30008,10,instance_counter_reset_reward_contract_missing;special_event_lifecycle_contract_missing;unsupported_condition_type
30009,1,instance_counter_reset_reward_contract_missing;unsupported_condition_type
30009,2,instance_counter_reset_reward_contract_missing;unsupported_condition_type
30009,4,instance_counter_reset_reward_contract_missing;unsupported_condition_type
30009,11,instance_counter_reset_reward_contract_missing;unsupported_condition_type
30009,23,instance_counter_reset_reward_contract_missing;unsupported_condition_type
30009,24,special_event_lifecycle_contract_missing;unsupported_condition_type
30010,1,special_event_lifecycle_contract_missing;unsupported_condition_type
30010,2,instance_counter_reset_reward_contract_missing;unsupported_condition_type
30010,3,instance_counter_reset_reward_contract_missing;unsupported_condition_type
30010,4,instance_counter_reset_reward_contract_missing;unsupported_condition_type
30010,5,instance_counter_reset_reward_contract_missing;unsupported_condition_type
30010,6,instance_counter_reset_reward_contract_missing;unsupported_condition_type
30010,9,instance_counter_reset_reward_contract_missing;unsupported_condition_type
30010,10,instance_counter_reset_reward_contract_missing;unsupported_condition_type
30010,11,instance_counter_reset_reward_contract_missing;unsupported_condition_type
30010,13,instance_counter_reset_reward_contract_missing;unsupported_condition_type
30010,16,instance_counter_reset_reward_contract_missing;unsupported_condition_type
30010,17,instance_counter_reset_reward_contract_missing;unsupported_condition_type
30010,18,instance_counter_reset_reward_contract_missing;unsupported_condition_type
30010,19,instance_counter_reset_reward_contract_missing;unsupported_condition_type
30010,21,instance_counter_reset_reward_contract_missing;unsupported_condition_type
30010,22,instance_counter_reset_reward_contract_missing;unsupported_condition_type
30010,23,instance_counter_reset_reward_contract_missing;unsupported_condition_type
30010,25,instance_counter_reset_reward_contract_missing;unsupported_condition_type
30010,26,instance_counter_reset_reward_contract_missing;unsupported_condition_type
30010,27,instance_counter_reset_reward_contract_missing;unsupported_condition_type
30010,28,instance_counter_reset_reward_contract_missing;unsupported_condition_type
30010,29,instance_counter_reset_reward_contract_missing;unsupported_condition_type
30010,30,instance_counter_reset_reward_contract_missing;unsupported_condition_type
30010,31,instance_counter_reset_reward_contract_missing;unsupported_condition_type
30010,32,instance_counter_reset_reward_contract_missing;unsupported_condition_type
30011,1,instance_counter_reset_reward_contract_missing;unsupported_condition_type
30011,2,instance_counter_reset_reward_contract_missing;unsupported_condition_type
30011,3,instance_counter_reset_reward_contract_missing;unsupported_condition_type
30011,4,instance_counter_reset_reward_contract_missing;unsupported_condition_type
30011,5,instance_counter_reset_reward_contract_missing;unsupported_condition_type
30011,6,instance_counter_reset_reward_contract_missing;unsupported_condition_type
30011,7,instance_counter_reset_reward_contract_missing;unsupported_condition_type
30011,8,instance_counter_reset_reward_contract_missing;unsupported_condition_type
30011,9,instance_counter_reset_reward_contract_missing;unsupported_condition_type
30011,10,instance_counter_reset_reward_contract_missing;unsupported_condition_type
30011,11,instance_counter_reset_reward_contract_missing;unsupported_condition_type
30011,12,instance_counter_reset_reward_contract_missing;unsupported_condition_type
30011,13,instance_counter_reset_reward_contract_missing;unsupported_condition_type
30011,14,instance_counter_reset_reward_contract_missing;unsupported_condition_type
30011,15,instance_counter_reset_reward_contract_missing;unsupported_condition_type
30011,16,instance_counter_reset_reward_contract_missing;unsupported_condition_type
30011,17,instance_counter_reset_reward_contract_missing;unsupported_condition_type
30011,18,instance_counter_reset_reward_contract_missing;unsupported_condition_type
30011,19,instance_counter_reset_reward_contract_missing;unsupported_condition_type
30011,20,instance_counter_reset_reward_contract_missing;unsupported_condition_type
30011,21,instance_counter_reset_reward_contract_missing;unsupported_condition_type
30011,22,instance_counter_reset_reward_contract_missing;unsupported_condition_type
30011,23,instance_counter_reset_reward_contract_missing;unsupported_condition_type
30011,24,instance_counter_reset_reward_contract_missing;unsupported_condition_type
30011,25,instance_counter_reset_reward_contract_missing;unsupported_condition_type
30011,26,instance_counter_reset_reward_contract_missing;unsupported_condition_type
30011,27,instance_counter_reset_reward_contract_missing;unsupported_condition_type
30011,28,instance_counter_reset_reward_contract_missing;unsupported_condition_type
30011,29,instance_counter_reset_reward_contract_missing;unsupported_condition_type
30011,30,instance_counter_reset_reward_contract_missing;unsupported_condition_type
30011,31,instance_counter_reset_reward_contract_missing;unsupported_condition_type
30011,32,instance_counter_reset_reward_contract_missing;unsupported_condition_type
30011,33,instance_counter_reset_reward_contract_missing;unsupported_condition_type
30011,34,instance_counter_reset_reward_contract_missing;unsupported_condition_type
30011,35,instance_counter_reset_reward_contract_missing;unsupported_condition_type
30011,36,instance_counter_reset_reward_contract_missing;special_event_lifecycle_contract_missing;unsupported_condition_type
30012,1,instance_counter_reset_reward_contract_missing;special_event_lifecycle_contract_missing;unsupported_condition_type
30012,2,instance_counter_reset_reward_contract_missing;unsupported_condition_type
30012,3,instance_counter_reset_reward_contract_missing;unsupported_condition_type
30012,4,instance_counter_reset_reward_contract_missing;unsupported_condition_type
30012,5,instance_counter_reset_reward_contract_missing;unsupported_condition_type
30012,6,instance_counter_reset_reward_contract_missing;unsupported_condition_type
30012,7,instance_counter_reset_reward_contract_missing;unsupported_condition_type
30012,8,instance_counter_reset_reward_contract_missing;unsupported_condition_type
30012,9,instance_counter_reset_reward_contract_missing;unsupported_condition_type
30012,10,instance_counter_reset_reward_contract_missing;unsupported_condition_type
30012,11,instance_counter_reset_reward_contract_missing;unsupported_condition_type
30012,12,instance_counter_reset_reward_contract_missing;unsupported_condition_type
30012,13,instance_counter_reset_reward_contract_missing;unsupported_condition_type
30012,14,instance_counter_reset_reward_contract_missing;unsupported_condition_type
30012,15,instance_counter_reset_reward_contract_missing;unsupported_condition_type
30012,16,instance_counter_reset_reward_contract_missing;unsupported_condition_type
30012,17,instance_counter_reset_reward_contract_missing;unsupported_condition_type
30012,18,instance_counter_reset_reward_contract_missing;unsupported_condition_type
30012,19,instance_counter_reset_reward_contract_missing;unsupported_condition_type
30012,20,instance_counter_reset_reward_contract_missing;unsupported_condition_type
30012,21,instance_counter_reset_reward_contract_missing;unsupported_condition_type
30013,1,instance_counter_reset_reward_contract_missing;special_event_lifecycle_contract_missing;unsupported_condition_type
30013,2,instance_counter_reset_reward_contract_missing;unsupported_condition_type
30013,3,instance_counter_reset_reward_contract_missing;unsupported_condition_type
30013,4,instance_counter_reset_reward_contract_missing;unsupported_condition_type
30013,5,instance_counter_reset_reward_contract_missing;unsupported_condition_type
30013,6,instance_counter_reset_reward_contract_missing;unsupported_condition_type
30013,7,instance_counter_reset_reward_contract_missing;unsupported_condition_type
30013,8,instance_counter_reset_reward_contract_missing;unsupported_condition_type
30013,9,instance_counter_reset_reward_contract_missing;unsupported_condition_type
30014,1,instance_counter_reset_reward_contract_missing;special_event_lifecycle_contract_missing;unsupported_condition_type
30014,2,instance_counter_reset_reward_contract_missing;unsupported_condition_type
30014,3,instance_counter_reset_reward_contract_missing;unsupported_condition_type
30014,4,instance_counter_reset_reward_contract_missing;unsupported_condition_type
30014,5,instance_counter_reset_reward_contract_missing;unsupported_condition_type
30014,6,instance_counter_reset_reward_contract_missing;unsupported_condition_type
30014,7,instance_counter_reset_reward_contract_missing;unsupported_condition_type
30014,8,instance_counter_reset_reward_contract_missing;unsupported_condition_type
30014,9,instance_counter_reset_reward_contract_missing;unsupported_condition_type
30014,10,instance_counter_reset_reward_contract_missing;unsupported_condition_type
30014,11,instance_counter_reset_reward_contract_missing;unsupported_condition_type
30014,12,instance_counter_reset_reward_contract_missing;unsupported_condition_type
30014,13,instance_counter_reset_reward_contract_missing;unsupported_condition_type
30014,14,instance_counter_reset_reward_contract_missing;unsupported_condition_type
30014,15,instance_counter_reset_reward_contract_missing;unsupported_condition_type
30014,16,instance_counter_reset_reward_contract_missing;unsupported_condition_type
30014,17,instance_counter_reset_reward_contract_missing;unsupported_condition_type
30014,18,instance_counter_reset_reward_contract_missing;unsupported_condition_type
30014,19,instance_counter_reset_reward_contract_missing;unsupported_condition_type
30014,20,instance_counter_reset_reward_contract_missing;unsupported_condition_type
30014,21,instance_counter_reset_reward_contract_missing;unsupported_condition_type
30015,1,instance_counter_reset_reward_contract_missing;unsupported_condition_type
30015,3,instance_counter_reset_reward_contract_missing;unsupported_condition_type
30015,4,instance_counter_reset_reward_contract_missing;unsupported_condition_type
30015,5,instance_counter_reset_reward_contract_missing;unsupported_condition_type
30015,6,instance_counter_reset_reward_contract_missing;unsupported_condition_type
30015,7,instance_counter_reset_reward_contract_missing;unsupported_condition_type
30015,8,instance_counter_reset_reward_contract_missing;unsupported_condition_type
30015,9,instance_counter_reset_reward_contract_missing;unsupported_condition_type
30015,10,instance_counter_reset_reward_contract_missing;unsupported_condition_type
30015,11,instance_counter_reset_reward_contract_missing;unsupported_condition_type
30015,12,instance_counter_reset_reward_contract_missing;unsupported_condition_type
30015,13,instance_counter_reset_reward_contract_missing;unsupported_condition_type
30015,14,instance_counter_reset_reward_contract_missing;unsupported_condition_type
30015,15,instance_counter_reset_reward_contract_missing;unsupported_condition_type
30015,16,instance_counter_reset_reward_contract_missing;unsupported_condition_type
30015,17,instance_counter_reset_reward_contract_missing;unsupported_condition_type
30015,18,instance_counter_reset_reward_contract_missing;unsupported_condition_type
30015,19,instance_counter_reset_reward_contract_missing;unsupported_condition_type
30015,20,instance_counter_reset_reward_contract_missing;unsupported_condition_type
30015,21,instance_counter_reset_reward_contract_missing;unsupported_condition_type
30015,22,instance_counter_reset_reward_contract_missing;unsupported_condition_type
30015,23,instance_counter_reset_reward_contract_missing;unsupported_condition_type
30015,24,instance_counter_reset_reward_contract_missing;unsupported_condition_type
30015,25,instance_counter_reset_reward_contract_missing;unsupported_condition_type
30015,26,instance_counter_reset_reward_contract_missing;unsupported_condition_type
30015,27,instance_counter_reset_reward_contract_missing;unsupported_condition_type
30015,28,instance_counter_reset_reward_contract_missing;unsupported_condition_type
30015,29,instance_counter_reset_reward_contract_missing;special_event_lifecycle_contract_missing;unsupported_condition_type
30016,1,instance_counter_reset_reward_contract_missing;special_event_lifecycle_contract_missing;unsupported_condition_type
30016,2,instance_counter_reset_reward_contract_missing;unsupported_condition_type
30016,3,instance_counter_reset_reward_contract_missing;unsupported_condition_type
30016,4,instance_counter_reset_reward_contract_missing;unsupported_condition_type
30016,5,instance_counter_reset_reward_contract_missing;unsupported_condition_type
30016,6,instance_counter_reset_reward_contract_missing;unsupported_condition_type
30016,7,instance_counter_reset_reward_contract_missing;unsupported_condition_type
30016,8,instance_counter_reset_reward_contract_missing;unsupported_condition_type
30016,9,instance_counter_reset_reward_contract_missing;unsupported_condition_type
30016,10,instance_counter_reset_reward_contract_missing;unsupported_condition_type
30016,11,instance_counter_reset_reward_contract_missing;unsupported_condition_type
30016,12,instance_counter_reset_reward_contract_missing;unsupported_condition_type
30016,13,instance_counter_reset_reward_contract_missing;unsupported_condition_type
30017,1,instance_counter_reset_reward_contract_missing;unsupported_condition_type
30017,2,instance_counter_reset_reward_contract_missing;unsupported_condition_type
30017,3,instance_counter_reset_reward_contract_missing;unsupported_condition_type
30017,4,instance_counter_reset_reward_contract_missing;unsupported_condition_type
30017,5,instance_counter_reset_reward_contract_missing;unsupported_condition_type
30017,6,special_event_lifecycle_contract_missing;unsupported_companion_or_subject;unsupported_condition_type
30017,7,instance_counter_reset_reward_contract_missing;special_event_lifecycle_contract_missing;unsupported_condition_type
30018,1,instance_counter_reset_reward_contract_missing;unsupported_condition_type
30018,3,instance_counter_reset_reward_contract_missing;unsupported_condition_type
30018,4,instance_counter_reset_reward_contract_missing;unsupported_condition_type
30018,5,instance_counter_reset_reward_contract_missing;unsupported_condition_type
30018,6,instance_counter_reset_reward_contract_missing;unsupported_condition_type
30018,7,instance_counter_reset_reward_contract_missing;unsupported_condition_type
30018,8,instance_counter_reset_reward_contract_missing;unsupported_condition_type
30018,9,instance_counter_reset_reward_contract_missing;unsupported_condition_type
30018,10,instance_counter_reset_reward_contract_missing;unsupported_condition_type
30018,11,instance_counter_reset_reward_contract_missing;unsupported_condition_type
30018,12,instance_counter_reset_reward_contract_missing;unsupported_condition_type
30018,13,instance_counter_reset_reward_contract_missing;unsupported_condition_type
30018,14,instance_counter_reset_reward_contract_missing;unsupported_condition_type
30018,15,instance_counter_reset_reward_contract_missing;unsupported_condition_type
30018,16,instance_counter_reset_reward_contract_missing;unsupported_condition_type
30018,17,instance_counter_reset_reward_contract_missing;unsupported_condition_type
30018,18,instance_counter_reset_reward_contract_missing;unsupported_condition_type
30018,19,instance_counter_reset_reward_contract_missing;unsupported_condition_type
30018,20,instance_counter_reset_reward_contract_missing;unsupported_condition_type
30018,21,instance_counter_reset_reward_contract_missing;unsupported_condition_type
30018,22,instance_counter_reset_reward_contract_missing;unsupported_condition_type
30018,23,instance_counter_reset_reward_contract_missing;unsupported_condition_type
30018,24,instance_counter_reset_reward_contract_missing;unsupported_condition_type
30018,25,instance_counter_reset_reward_contract_missing;unsupported_condition_type
30018,26,instance_counter_reset_reward_contract_missing;unsupported_condition_type
30018,27,instance_counter_reset_reward_contract_missing;unsupported_condition_type
30018,28,instance_counter_reset_reward_contract_missing;unsupported_condition_type
30018,29,instance_counter_reset_reward_contract_missing;special_event_lifecycle_contract_missing;unsupported_condition_type
30018,30,instance_counter_reset_reward_contract_missing;unsupported_condition_type
30018,31,instance_counter_reset_reward_contract_missing;unsupported_condition_type
30018,32,instance_counter_reset_reward_contract_missing;unsupported_condition_type
30018,33,instance_counter_reset_reward_contract_missing;unsupported_condition_type
30019,1,special_event_lifecycle_contract_missing;unsupported_condition_type
30019,2,instance_counter_reset_reward_contract_missing;unsupported_condition_type
30019,3,instance_counter_reset_reward_contract_missing;unsupported_condition_type
30019,4,instance_counter_reset_reward_contract_missing;unsupported_condition_type
30019,5,instance_counter_reset_reward_contract_missing;unsupported_condition_type
30019,6,instance_counter_reset_reward_contract_missing;unsupported_condition_type
30019,7,instance_counter_reset_reward_contract_missing;unsupported_condition_type
30019,8,instance_counter_reset_reward_contract_missing;unsupported_condition_type
30019,13,special_event_lifecycle_contract_missing;unsupported_condition_type
30019,14,instance_counter_reset_reward_contract_missing;unsupported_condition_type
30019,15,special_event_lifecycle_contract_missing;unsupported_companion_or_subject;unsupported_condition_type
30019,16,special_event_lifecycle_contract_missing;unsupported_companion_or_subject;unsupported_condition_type
30020,1,instance_counter_reset_reward_contract_missing;unsupported_condition_type
30020,2,instance_counter_reset_reward_contract_missing;unsupported_condition_type
30020,3,instance_counter_reset_reward_contract_missing;unsupported_condition_type
30020,4,instance_counter_reset_reward_contract_missing;unsupported_condition_type
30020,5,instance_counter_reset_reward_contract_missing;unsupported_condition_type
30020,6,instance_counter_reset_reward_contract_missing;unsupported_condition_type
30020,7,instance_counter_reset_reward_contract_missing;unsupported_condition_type
30020,8,instance_counter_reset_reward_contract_missing;unsupported_condition_type
30020,9,instance_counter_reset_reward_contract_missing;unsupported_condition_type
30020,10,instance_counter_reset_reward_contract_missing;unsupported_condition_type
30020,11,instance_counter_reset_reward_contract_missing;unsupported_condition_type
30020,12,instance_counter_reset_reward_contract_missing;unsupported_condition_type
30020,13,instance_counter_reset_reward_contract_missing;unsupported_condition_type
30020,14,instance_counter_reset_reward_contract_missing;unsupported_condition_type
30020,15,instance_counter_reset_reward_contract_missing;unsupported_condition_type
30020,16,instance_counter_reset_reward_contract_missing;unsupported_condition_type
30020,17,instance_counter_reset_reward_contract_missing;unsupported_condition_type
30020,18,instance_counter_reset_reward_contract_missing;unsupported_condition_type
30020,19,instance_counter_reset_reward_contract_missing;unsupported_condition_type
30020,20,instance_counter_reset_reward_contract_missing;unsupported_condition_type
30020,21,instance_counter_reset_reward_contract_missing;unsupported_condition_type
30020,22,instance_counter_reset_reward_contract_missing;unsupported_condition_type
30020,23,instance_counter_reset_reward_contract_missing;unsupported_condition_type
30020,24,instance_counter_reset_reward_contract_missing;unsupported_condition_type
30020,25,instance_counter_reset_reward_contract_missing;unsupported_condition_type
30020,26,instance_counter_reset_reward_contract_missing;unsupported_condition_type
30020,29,instance_counter_reset_reward_contract_missing;special_event_lifecycle_contract_missing;unsupported_condition_type
30021,2,instance_counter_reset_reward_contract_missing;unsupported_condition_type
30021,3,instance_counter_reset_reward_contract_missing;unsupported_condition_type
30021,4,instance_counter_reset_reward_contract_missing;unsupported_condition_type
30021,5,instance_counter_reset_reward_contract_missing;unsupported_condition_type
30021,6,instance_counter_reset_reward_contract_missing;unsupported_condition_type
30021,7,instance_counter_reset_reward_contract_missing;unsupported_condition_type
30021,8,instance_counter_reset_reward_contract_missing;unsupported_condition_type
30021,9,instance_counter_reset_reward_contract_missing;unsupported_condition_type
30021,10,instance_counter_reset_reward_contract_missing;special_event_lifecycle_contract_missing;unsupported_condition_type
30022,2,instance_counter_reset_reward_contract_missing;unsupported_condition_type
30022,3,instance_counter_reset_reward_contract_missing;unsupported_condition_type
30022,4,instance_counter_reset_reward_contract_missing;unsupported_condition_type
30022,5,instance_counter_reset_reward_contract_missing;unsupported_condition_type
30022,6,instance_counter_reset_reward_contract_missing;unsupported_condition_type
30022,7,instance_counter_reset_reward_contract_missing;unsupported_condition_type
30022,8,instance_counter_reset_reward_contract_missing;unsupported_condition_type
30022,9,instance_counter_reset_reward_contract_missing;unsupported_condition_type
30022,18,instance_counter_reset_reward_contract_missing;special_event_lifecycle_contract_missing;unsupported_condition_type
30022,19,instance_counter_reset_reward_contract_missing;unsupported_condition_type
30022,20,instance_counter_reset_reward_contract_missing;unsupported_condition_type
30022,21,instance_counter_reset_reward_contract_missing;unsupported_condition_type
30022,22,instance_counter_reset_reward_contract_missing;unsupported_condition_type
30022,23,instance_counter_reset_reward_contract_missing;unsupported_condition_type
30022,24,instance_counter_reset_reward_contract_missing;unsupported_condition_type
30022,25,instance_counter_reset_reward_contract_missing;unsupported_condition_type
30022,26,instance_counter_reset_reward_contract_missing;unsupported_condition_type
30023,1,special_event_lifecycle_contract_missing;unsupported_condition_type
30023,2,instance_counter_reset_reward_contract_missing;unsupported_condition_type
30023,3,instance_counter_reset_reward_contract_missing;unsupported_condition_type
30023,4,instance_counter_reset_reward_contract_missing;unsupported_condition_type
30023,5,instance_counter_reset_reward_contract_missing;unsupported_condition_type
30023,6,instance_counter_reset_reward_contract_missing;unsupported_condition_type
30023,7,instance_counter_reset_reward_contract_missing;unsupported_condition_type
30023,8,instance_counter_reset_reward_contract_missing;unsupported_condition_type
30023,9,instance_counter_reset_reward_contract_missing;unsupported_condition_type
30023,10,instance_counter_reset_reward_contract_missing;unsupported_condition_type
30023,11,instance_counter_reset_reward_contract_missing;unsupported_condition_type
30023,12,instance_counter_reset_reward_contract_missing;unsupported_condition_type
30023,13,instance_counter_reset_reward_contract_missing;unsupported_condition_type
30023,14,instance_counter_reset_reward_contract_missing;unsupported_condition_type
30023,15,instance_counter_reset_reward_contract_missing;unsupported_condition_type
30024,1,instance_counter_reset_reward_contract_missing;unsupported_condition_type
30024,2,instance_counter_reset_reward_contract_missing;unsupported_condition_type
30024,3,instance_counter_reset_reward_contract_missing;unsupported_condition_type
30024,5,instance_counter_reset_reward_contract_missing;special_event_lifecycle_contract_missing;unsupported_condition_type
30024,7,instance_counter_reset_reward_contract_missing;unsupported_condition_type
30024,8,instance_counter_reset_reward_contract_missing;unsupported_condition_type
30024,9,instance_counter_reset_reward_contract_missing;unsupported_condition_type
30024,10,instance_counter_reset_reward_contract_missing;unsupported_condition_type
30024,11,instance_counter_reset_reward_contract_missing;unsupported_condition_type
30024,12,instance_counter_reset_reward_contract_missing;unsupported_condition_type
30024,13,instance_counter_reset_reward_contract_missing;unsupported_condition_type
30024,14,instance_counter_reset_reward_contract_missing;unsupported_condition_type
30024,15,instance_counter_reset_reward_contract_missing;unsupported_condition_type
30024,16,instance_counter_reset_reward_contract_missing;unsupported_condition_type
30024,17,instance_counter_reset_reward_contract_missing;unsupported_condition_type
30025,1,instance_counter_reset_reward_contract_missing;special_event_lifecycle_contract_missing;unsupported_condition_type
30025,2,instance_counter_reset_reward_contract_missing;unsupported_condition_type
30025,3,instance_counter_reset_reward_contract_missing;unsupported_condition_type
30025,4,instance_counter_reset_reward_contract_missing;unsupported_condition_type
30025,5,instance_counter_reset_reward_contract_missing;unsupported_condition_type
30025,6,instance_counter_reset_reward_contract_missing;unsupported_condition_type
30027,1,instance_counter_reset_reward_contract_missing;unsupported_condition_type
30027,2,special_event_lifecycle_contract_missing;unsupported_condition_type
30027,3,instance_counter_reset_reward_contract_missing;unsupported_condition_type
30027,4,instance_counter_reset_reward_contract_missing;unsupported_condition_type
30027,5,instance_counter_reset_reward_contract_missing;unsupported_condition_type
30027,6,instance_counter_reset_reward_contract_missing;unsupported_condition_type
30028,1,special_event_lifecycle_contract_missing;unsupported_condition_type
30028,2,instance_counter_reset_reward_contract_missing;unsupported_condition_type
30028,3,instance_counter_reset_reward_contract_missing;unsupported_condition_type
30028,4,instance_counter_reset_reward_contract_missing;unsupported_condition_type
30028,5,instance_counter_reset_reward_contract_missing;unsupported_condition_type
30028,6,instance_counter_reset_reward_contract_missing;unsupported_condition_type
30028,7,instance_counter_reset_reward_contract_missing;unsupported_condition_type
30028,8,instance_counter_reset_reward_contract_missing;unsupported_condition_type
30029,1,instance_counter_reset_reward_contract_missing;unsupported_condition_type
30029,2,special_event_lifecycle_contract_missing;unsupported_condition_type
30029,3,instance_counter_reset_reward_contract_missing;unsupported_condition_type
30029,4,instance_counter_reset_reward_contract_missing;unsupported_condition_type
30029,5,instance_counter_reset_reward_contract_missing;unsupported_condition_type
30029,6,instance_counter_reset_reward_contract_missing;unsupported_condition_type
30029,7,instance_counter_reset_reward_contract_missing;unsupported_condition_type
30029,8,instance_counter_reset_reward_contract_missing;unsupported_condition_type
30029,9,instance_counter_reset_reward_contract_missing;unsupported_condition_type
30029,10,instance_counter_reset_reward_contract_missing;unsupported_condition_type
30029,11,instance_counter_reset_reward_contract_missing;unsupported_condition_type
30029,12,instance_counter_reset_reward_contract_missing;unsupported_condition_type
30029,13,instance_counter_reset_reward_contract_missing;unsupported_condition_type
30029,14,instance_counter_reset_reward_contract_missing;unsupported_condition_type
30029,15,instance_counter_reset_reward_contract_missing;unsupported_condition_type
30029,16,instance_counter_reset_reward_contract_missing;unsupported_condition_type
30030,1,special_event_lifecycle_contract_missing;unsupported_condition_type
30030,2,instance_counter_reset_reward_contract_missing;unsupported_condition_type
30030,3,instance_counter_reset_reward_contract_missing;unsupported_condition_type
30030,4,instance_counter_reset_reward_contract_missing;unsupported_condition_type
30030,5,instance_counter_reset_reward_contract_missing;unsupported_condition_type
30030,6,instance_counter_reset_reward_contract_missing;unsupported_condition_type
30030,7,instance_counter_reset_reward_contract_missing;unsupported_condition_type
30030,8,instance_counter_reset_reward_contract_missing;unsupported_condition_type
30030,9,instance_counter_reset_reward_contract_missing;unsupported_condition_type
30030,10,instance_counter_reset_reward_contract_missing;unsupported_condition_type
30031,2,special_event_lifecycle_contract_missing;unsupported_condition_type
30031,3,instance_counter_reset_reward_contract_missing;unsupported_condition_type
30031,4,instance_counter_reset_reward_contract_missing;unsupported_condition_type
30031,5,instance_counter_reset_reward_contract_missing;unsupported_condition_type
30031,6,instance_counter_reset_reward_contract_missing;unsupported_condition_type
30031,9,instance_counter_reset_reward_contract_missing;unsupported_condition_type
30031,10,instance_counter_reset_reward_contract_missing;unsupported_condition_type
30031,11,instance_counter_reset_reward_contract_missing;unsupported_condition_type
30031,12,instance_counter_reset_reward_contract_missing;unsupported_condition_type
30031,13,instance_counter_reset_reward_contract_missing;unsupported_condition_type
30031,14,instance_counter_reset_reward_contract_missing;unsupported_condition_type
30032,2,instance_counter_reset_reward_contract_missing;unsupported_condition_type
30032,3,instance_counter_reset_reward_contract_missing;unsupported_condition_type
30032,4,instance_counter_reset_reward_contract_missing;unsupported_condition_type
30032,5,instance_counter_reset_reward_contract_missing;unsupported_condition_type
30032,6,instance_counter_reset_reward_contract_missing;unsupported_condition_type
30032,7,instance_counter_reset_reward_contract_missing;unsupported_condition_type
30032,8,instance_counter_reset_reward_contract_missing;unsupported_condition_type
30032,9,instance_counter_reset_reward_contract_missing;unsupported_condition_type
30032,10,instance_counter_reset_reward_contract_missing;unsupported_condition_type
30032,11,instance_counter_reset_reward_contract_missing;unsupported_condition_type
30032,12,instance_counter_reset_reward_contract_missing;unsupported_condition_type
30032,13,instance_counter_reset_reward_contract_missing;special_event_lifecycle_contract_missing;unsupported_condition_type
30033,1,special_event_lifecycle_contract_missing;unsupported_condition_type
30033,2,instance_counter_reset_reward_contract_missing;unsupported_condition_type
30033,3,instance_counter_reset_reward_contract_missing;unsupported_condition_type
30033,4,instance_counter_reset_reward_contract_missing;unsupported_condition_type
30033,5,instance_counter_reset_reward_contract_missing;unsupported_condition_type
30033,6,instance_counter_reset_reward_contract_missing;unsupported_condition_type
30033,7,instance_counter_reset_reward_contract_missing;unsupported_condition_type
30033,8,instance_counter_reset_reward_contract_missing;unsupported_condition_type
30033,9,instance_counter_reset_reward_contract_missing;unsupported_condition_type
30033,10,instance_counter_reset_reward_contract_missing;unsupported_condition_type
30033,11,instance_counter_reset_reward_contract_missing;unsupported_condition_type
30034,2,instance_counter_reset_reward_contract_missing;unsupported_condition_type
30034,3,instance_counter_reset_reward_contract_missing;unsupported_condition_type
30034,4,instance_counter_reset_reward_contract_missing;unsupported_condition_type
30034,5,instance_counter_reset_reward_contract_missing;unsupported_condition_type
30034,6,instance_counter_reset_reward_contract_missing;unsupported_condition_type
30034,7,instance_counter_reset_reward_contract_missing;unsupported_condition_type
30034,8,instance_counter_reset_reward_contract_missing;unsupported_condition_type
30034,9,instance_counter_reset_reward_contract_missing;unsupported_condition_type
30034,12,instance_counter_reset_reward_contract_missing;unsupported_condition_type
30034,13,special_event_lifecycle_contract_missing;unsupported_condition_type
30034,14,instance_counter_reset_reward_contract_missing;unsupported_condition_type
30034,15,instance_counter_reset_reward_contract_missing;unsupported_condition_type
30034,16,instance_counter_reset_reward_contract_missing;unsupported_condition_type
30035,1,special_event_lifecycle_contract_missing;unsupported_condition_type
30035,2,instance_counter_reset_reward_contract_missing;unsupported_condition_type
30035,3,instance_counter_reset_reward_contract_missing;unsupported_condition_type
30035,4,instance_counter_reset_reward_contract_missing;unsupported_condition_type
30035,5,instance_counter_reset_reward_contract_missing;unsupported_condition_type
30035,6,instance_counter_reset_reward_contract_missing;unsupported_condition_type
30035,7,instance_counter_reset_reward_contract_missing;unsupported_condition_type
30035,8,instance_counter_reset_reward_contract_missing;unsupported_condition_type
30035,9,instance_counter_reset_reward_contract_missing;unsupported_condition_type
30035,10,instance_counter_reset_reward_contract_missing;unsupported_condition_type
30035,11,instance_counter_reset_reward_contract_missing;unsupported_condition_type
30035,12,instance_counter_reset_reward_contract_missing;unsupported_condition_type
30036,1,special_event_lifecycle_contract_missing;unsupported_condition_type
30036,2,instance_counter_reset_reward_contract_missing;unsupported_condition_type
30036,3,instance_counter_reset_reward_contract_missing;unsupported_condition_type
30036,4,instance_counter_reset_reward_contract_missing;unsupported_condition_type
30036,5,instance_counter_reset_reward_contract_missing;unsupported_condition_type
30036,6,instance_counter_reset_reward_contract_missing;unsupported_condition_type
30036,7,instance_counter_reset_reward_contract_missing;unsupported_condition_type
30036,8,instance_counter_reset_reward_contract_missing;unsupported_condition_type
30036,9,instance_counter_reset_reward_contract_missing;unsupported_condition_type
30036,10,instance_counter_reset_reward_contract_missing;unsupported_condition_type
30036,11,instance_counter_reset_reward_contract_missing;unsupported_condition_type
30036,12,instance_counter_reset_reward_contract_missing;unsupported_condition_type
30036,13,instance_counter_reset_reward_contract_missing;unsupported_condition_type
30036,14,instance_counter_reset_reward_contract_missing;unsupported_condition_type
30036,15,instance_counter_reset_reward_contract_missing;unsupported_condition_type
30037,1,special_event_lifecycle_contract_missing;unsupported_condition_type
30037,2,instance_counter_reset_reward_contract_missing;unsupported_condition_type
30037,3,instance_counter_reset_reward_contract_missing;unsupported_condition_type
30037,4,instance_counter_reset_reward_contract_missing;unsupported_condition_type
30037,5,instance_counter_reset_reward_contract_missing;unsupported_condition_type
30037,6,instance_counter_reset_reward_contract_missing;unsupported_condition_type
30037,7,instance_counter_reset_reward_contract_missing;unsupported_condition_type
30037,8,instance_counter_reset_reward_contract_missing;unsupported_condition_type
30037,9,instance_counter_reset_reward_contract_missing;unsupported_condition_type
30037,10,instance_counter_reset_reward_contract_missing;unsupported_condition_type
30037,11,instance_counter_reset_reward_contract_missing;unsupported_condition_type
30038,1,special_event_lifecycle_contract_missing;unsupported_capacity_operand_or_comparison;unsupported_condition_type
30038,2,instance_counter_reset_reward_contract_missing;unsupported_condition_type
30038,3,instance_counter_reset_reward_contract_missing;unsupported_condition_type
30038,4,instance_counter_reset_reward_contract_missing;unsupported_condition_type
30038,5,instance_counter_reset_reward_contract_missing;unsupported_condition_type
30038,6,instance_counter_reset_reward_contract_missing;unsupported_condition_type
30038,7,instance_counter_reset_reward_contract_missing;unsupported_condition_type
30038,8,instance_counter_reset_reward_contract_missing;unsupported_condition_type
30038,9,instance_counter_reset_reward_contract_missing;unsupported_condition_type
30038,10,instance_counter_reset_reward_contract_missing;unsupported_condition_type
30038,11,instance_counter_reset_reward_contract_missing;unsupported_condition_type
30038,12,instance_counter_reset_reward_contract_missing;unsupported_condition_type
30038,13,instance_counter_reset_reward_contract_missing;unsupported_condition_type
30039,1,special_event_lifecycle_contract_missing;unsupported_condition_type
30039,3,instance_counter_reset_reward_contract_missing;unsupported_condition_type
30039,6,instance_counter_reset_reward_contract_missing;unsupported_condition_type
30039,7,instance_counter_reset_reward_contract_missing;unsupported_condition_type
30039,8,instance_counter_reset_reward_contract_missing;unsupported_condition_type
30039,9,instance_counter_reset_reward_contract_missing;unsupported_condition_type
30040,1,instance_counter_reset_reward_contract_missing;unsupported_condition_type
30040,15,instance_counter_reset_reward_contract_missing;unsupported_condition_type
30040,17,instance_counter_reset_reward_contract_missing;special_event_lifecycle_contract_missing;unsupported_condition_type
30041,21,instance_counter_reset_reward_contract_missing;special_event_lifecycle_contract_missing;unsupported_condition_type
60000,13,gathering_pool_mapping_and_weights_missing;unsupported_condition_type
60001,54,gathering_pool_mapping_and_weights_missing;unsupported_condition_type
60001,67,gathering_pool_mapping_and_weights_missing;unsupported_condition_type
60004,9,gathering_pool_mapping_and_weights_missing;unsupported_condition_type
60005,10,gathering_pool_mapping_and_weights_missing;unsupported_condition_type
60005,11,gathering_pool_mapping_and_weights_missing;unsupported_condition_type
60008,15,gathering_pool_mapping_and_weights_missing;unsupported_condition_type
60010,45,gathering_pool_mapping_and_weights_missing;unsupported_condition_type
60010,46,gathering_pool_mapping_and_weights_missing;unsupported_condition_type
60011,7,gathering_pool_mapping_and_weights_missing;unsupported_condition_type
60011,8,gathering_pool_mapping_and_weights_missing;unsupported_condition_type
60012,11,gathering_pool_mapping_and_weights_missing;unsupported_condition_type
