item_id,price,flags
10000,0,9
10001,0,9
10002,1,95
10003,1,95
10004,1,95
10031,2,0
10032,3,0
10033,4,0
10034,5,0
10035,6,0
10036,7,0
10037,8,0
10038,9,0
10039,10,0
10040,11,0
10041,12,0
10042,13,0
10043,14,0
10044,15,0
10045,16,0
10046,17,0
10047,18,0
10048,19,0
10049,20,0
10050,21,0
10051,22,0
10052,23,0
10053,24,0
10054,25,0
10055,26,0
10056,27,0
10057,28,0
10058,29,0
10059,30,0
10060,31,0
10061,32,0
10062,0,8
10063,0,63
10064,0,63
10065,10,0
10066,11,0
10067,15,0
10068,80,63
10069,25,8
10070,33,8
10071,50,8
10072,50,8
10073,2,27
10074,25,27
10075,0,63
10076,9,0
10077,0,63
10078,29,0
10079,34,0
10080,31,0
10081,0,63
10082,35,0
10083,34,0
10084,32,0
10085,40,0
10086,34,0
10087,35,0
10088,44,0
10089,40,0
10090,44,0
10091,0,1052
10092,18,0
10093,0,1032
10094,0,1032
10095,15,259
10100,10,1032
10101,10,1032
10102,10,1032
10103,10,1032
10104,10,1032
10105,10,1032
10106,10,1032
10107,10,1032
10108,10,1032
10111,10,1032
10112,10,1032
10113,10,1032
10114,10,1032
10115,10,1032
10116,10,1032
10117,10,1032
10118,10,1032
10129,10,1032
10130,10,1032
10133,3,1032
10136,10,1032
10137,10,1032
10143,10,1032
10144,10,1032
10145,10,1032
10146,10,1032
10147,10,1032
10150,3,1032
10148,10,1032
10149,10,1032
10153,18,1032
10154,18,1032
10156,10,1032
10157,10,1032
10162,10,1032
10163,10,1032
10166,10,1032
10167,10,1032
10170,10,1035
10171,10,1032
10202,2,1032
10216,18,1032
10217,18,1032
10225,18,1032
10226,0,1035
10227,7,1032
10233,20,1035
10243,18,1032
11031,2,0
11032,3,0
11033,4,0
11034,5,0
11035,6,0
11036,7,0
11037,8,0
11038,9,0
11039,10,0
11040,11,0
11041,12,0
11042,13,0
11043,14,0
11044,15,0
11045,16,0
11046,22,0
11047,25,8
11048,13,543
11049,20,0
11050,13,543
11051,17,0
11052,18,0
11053,19,0
11054,20,0
11055,21,0
11056,27,0
11057,28,0
11058,29,0
11059,30,0
11060,15,27
11061,22,0
11062,23,0
11063,24,0
11064,25,0
11065,26,0
11066,37,0
11067,38,0
11068,39,0
11069,27,0
11070,28,0
11071,29,0
11072,30,0
11073,31,0
11074,32,0
11075,33,0
11076,34,0
11077,25,1035
11078,49,0
11079,50,0
11080,51,0
11081,52,0
11082,53,0
11083,54,0
11084,55,0
11085,56,0
11086,57,0
11087,58,0
11088,59,0
11089,60,0
11090,61,0
11091,62,0
11092,63,0
11093,64,0
11094,65,0
11095,66,0
11096,67,0
11097,68,0
11098,0,8
11099,14,0
11100,12,63
11101,7,543
11102,7,543
11103,7,543
11104,7,543
11105,10,543
11106,10,543
11107,11,543
11108,11,543
11109,42,63
11110,12,543
11111,12,543
11112,0,190
11113,0,190
11114,2,27
11115,36,27
11116,36,27
11117,14,543
11118,14,543
11119,15,63
11120,25,27
11121,36,0
11122,38,0
11123,39,0
11124,30,63
11125,30,0
11126,35,0
11127,34,0
11128,39,0
11129,32,0
11130,15,543
11131,15,543
11132,33,0
11133,16,543
11134,16,543
11135,26,0
11136,40,0
11137,1,63
11138,17,543
11139,17,543
11140,40,0
11141,13,0
11142,1,63
11143,35,63
11144,33,0
11145,42,0
11146,18,543
11147,18,543
11148,35,0
11149,43,0
11150,44,0
11151,34,0
11152,2,1051
11153,1,63
11154,37,0
11155,1,63
11156,44,0
11157,44,0
11159,1,63
11160,1,63
11161,15,259
11162,15,259
11164,15,259
11165,10,1032
11166,10,1032
11167,10,1032
11174,10,1032
11175,10,1032
11177,10,1032
11178,10,1032
11179,10,1032
11181,10,1032
11182,35,63
11183,10,1032
11187,10,1035
11188,10,1032
11189,10,1032
11200,10,1032
11201,10,1032
11210,10,1035
11211,10,1035
11212,18,1032
11213,18,1032
11221,50,1035
11222,50,1035
11225,10,1032
11229,36,0
11231,25,1035
11232,5,1035
11233,5,1035
11238,18,1032
11239,10,8
11243,10,1032
11256,10,1032
11257,10,1032
11266,10,1032
11272,10,1032
11274,10,1032
11275,10,1032
11279,10,1032
11280,10,1032
11281,10,1032
11282,10,1032
11283,10,1032
11289,10,1032
11297,10,1032
11303,18,1032
11307,10,1035
11309,18,1032
11310,18,1032
12031,2,0
12032,3,0
12033,4,0
12034,5,0
12035,6,0
12036,7,0
12037,8,0
12038,9,0
12039,10,0
12040,11,0
12041,12,0
12042,13,0
12043,14,0
12044,15,0
12045,16,0
12046,17,0
12047,18,0
12048,19,0
12049,20,0
12050,21,0
12051,22,0
12052,23,0
12053,24,0
12054,25,0
12055,26,0
12056,27,0
12057,28,0
12058,29,0
12059,30,0
12060,31,0
12061,32,0
12062,1,63
12063,25,8
12064,25,1035
12065,45,27
12066,37,0
12067,38,0
12068,39,0
12069,0,8
12070,8,0
12071,15,0
12072,7,543
12073,7,543
12074,7,543
12075,7,543
12076,10,543
12077,10,543
12078,11,543
12079,11,543
12080,12,543
12081,12,543
12082,13,543
12083,13,543
12084,36,0
12085,10,63
12086,30,190
12087,33,0
12088,34,0
12089,2,27
12090,11,0
12503,50,31
12504,14,543
12505,14,543
12506,25,27
12507,25,27
12091,35,0
12092,32,0
12093,15,543
12094,15,543
12095,50,63
12096,16,543
12097,16,543
12098,33,0
12099,17,543
12100,17,543
12101,7,543
12102,8,543
12103,9,543
12104,10,543
12105,11,543
12106,13,543
12107,14,543
12108,15,543
12109,16,543
12110,17,543
12111,29,0
12112,31,0
12113,37,0
12114,21,0
12115,18,543
12116,18,543
12117,18,543
12118,38,0
12119,36,0
12120,41,0
12121,43,0
12122,39,0
12123,50,1048
12124,0,1052
12126,15,63
12127,15,1564
12128,15,1564
12130,17,63
12135,18,1032
12136,18,1032
12139,7,1035
12140,7,1035
12141,7,1032
12142,7,1032
12143,15,1032
12144,15,1032
12145,16,1567
12146,17,1567
12147,18,1567
12148,19,1567
12149,20,1567
12150,21,1567
12151,22,1567
12152,23,1567
12153,24,1567
12154,25,1567
12155,16,1567
12156,17,1567
12157,18,1567
12158,19,1567
12159,20,1567
12160,21,1567
12161,22,1567
12162,23,1567
12163,24,1567
12164,25,1567
12165,14,1547
12171,1,63
12172,10,1032
12175,18,1032
12176,18,1032
12179,25,1035
12180,18,1032
12183,18,1032
12184,45,1032
12185,45,1032
12186,18,1032
12188,10,1032
12189,10,1032
12190,18,1032
12191,10,1032
12193,35,1032
12194,10,1032
12195,10,1032
12196,10,1032
12197,10,1035
12199,10,1032
12207,10,1035
12208,10,1032
12209,18,1032
13031,2,0
13032,3,0
13033,4,0
13034,5,0
13035,6,0
13036,7,0
13037,8,0
13038,26,63
13039,10,0
13040,11,0
13041,12,0
13042,13,0
13043,14,0
13044,15,27
13045,16,0
13046,17,0
13047,18,0
13048,19,0
13049,20,0
13050,21,0
13051,22,0
13052,23,0
13053,24,0
13054,25,0
13055,26,0
13056,27,0
13057,28,0
13058,29,0
13059,13,543
13060,11,543
13061,7,543
13062,7,543
13063,10,543
13064,0,8
13065,22,191
13066,2,27
13067,22,63
13068,12,543
13069,14,543
13070,1,63
13071,25,1052
13072,0,1052
13074,15,259
13075,25,1032
13076,25,1032
13077,10,1032
13078,25,1032
13082,10,1032
13083,10,1032
13084,15,1032
13086,10,1032
13087,10,1032
13089,10,1032
13090,10,1032
13091,10,1032
13095,10,1032
13096,10,1032
13097,10,1032
14031,2,0
14032,3,0
14033,4,0
14034,5,0
14035,6,0
14036,7,0
14037,8,0
14038,9,0
14039,10,0
14040,11,0
14041,12,0
14042,13,0
14043,14,0
14044,15,0
14045,16,0
14046,17,0
14047,18,0
14048,19,0
14049,20,0
14050,20,0
14051,20,0
14052,20,0
14053,21,0
14054,22,0
14055,23,0
14056,24,0
14057,25,0
14058,26,0
14059,27,0
14060,28,0
14061,25,8
14062,25,8
14063,0,8
14064,2,27
14065,8,0
14066,9,0
14067,14,0
14068,11,0
14069,8,8
14070,13,8
14071,7,8
14072,15,0
14073,0,63
14074,0,63
14075,22,0
14076,7,543
14077,31,0
14078,7,543
14079,7,543
14080,7,543
14081,10,543
14082,10,543
14083,11,543
14084,11,543
14085,12,543
14086,12,543
14087,21,0
14088,22,0
14089,23,0
14090,24,0
14091,25,0
14092,18,0
14093,24,0
14094,21,0
14095,30,0
14096,20,0
14097,21,0
14098,28,0
14099,21,0
14100,26,0
14101,21,0
14102,29,0
14103,24,0
14104,0,63
14105,25,8
14106,20,8
14107,0,190
14108,0,190
14109,27,0
14110,29,0
14111,23,0
14112,0,190
14113,0,190
14114,2,27
14115,2,1051
14116,9,0
14117,9,0
14118,28,0
14119,32,27
14120,13,543
14121,13,543
14122,14,543
14123,14,543
14124,25,27
14125,25,27
14126,25,27
14127,25,27
14128,27,0
14129,34,0
14130,29,0
14131,15,543
14132,15,543
14133,32,0
14134,25,0
14135,20,0
14136,16,543
14137,16,543
14138,36,0
14139,0,63
14140,0,63
14141,0,63
14142,0,63
14143,39,0
14144,17,543
14145,17,543
14146,37,0
14147,37,0
14148,7,8
14149,8,8
14150,6,8
14151,19,0
14152,40,0
14153,23,0
14154,36,0
14155,31,0
14156,26,0
14157,40,0
14158,41,0
14159,10,8
14160,11,8
14161,18,543
14162,18,543
14163,43,0
14164,43,0
14165,41,0
14166,33,0
14167,31,0
14168,37,0
14169,33,0
14170,35,0
14171,44,0
14172,44,0
14173,40,0
14174,37,0
14175,38,0
14176,38,0
14178,41,0
14179,1,63
14180,1,63
14181,15,259
14182,15,259
14183,15,259
14185,18,1032
14186,18,1032
14193,10,1032
14194,10,1032
14196,50,1032
14201,25,1035
14204,14,1547
14205,7,1035
14208,10,1032
14209,10,1032
14221,18,1032
14224,15,1032
14225,10,1032
14228,10,1032
14234,10,1032
14235,18,1032
14236,18,1032
14237,18,1032
14239,25,1035
14240,18,1032
14241,1,63
14242,1,63
14243,18,1032
14245,18,1032
14246,10,1032
14247,10,1032
14250,10,1032
14252,18,1032
14253,18,1032
14254,2,1032
14256,10,1032
14257,10,1032
14258,10,1032
14259,10,1032
14260,10,1032
14264,10,1032
14265,10,1032
14261,18,1032
14262,18,1032
14267,35,1032
14269,18,1032
14270,18,1032
14274,10,1035
14276,10,1032
14277,15,1032
14278,18,1032
14284,18,1032
14286,18,1032
14287,18,1032
14290,18,1032
14294,10,1032
15031,2,0
15032,3,0
15033,4,0
15034,5,0
15035,6,0
15036,11,0
15037,12,0
15038,13,0
15039,7,0
15040,8,0
15041,9,0
15042,10,0
15043,14,0
15044,15,0
15045,16,0
15046,17,0
15047,7,31
15048,26,27
15049,16,27
15050,15,543
15051,0,8
15052,2,27
15053,18,543
15054,20,543
15055,23,543
15056,25,543
15057,28,543
15058,31,543
15059,15,63
15060,31,543
15061,34,543
15062,17,0
15063,37,543
15064,15,27
15065,24,0
15066,40,543
15067,28,0
15068,36,0
15069,31,0
15070,42,0
15071,0,1052
15072,15,259
15073,18,1032
15076,18,1032
15080,10,1032
15088,10,1032
15089,10,1032
15090,10,1032
15091,10,1032
17031,4,0
17032,5,0
17033,6,0
17034,7,0
17035,8,0
17036,9,0
17037,10,0
17038,11,0
17039,12,0
17040,13,0
17041,14,0
17042,15,0
17043,16,0
17044,17,0
17045,18,0
17046,19,0
17047,20,0
17048,21,0
17049,22,0
17050,27,0
17051,28,0
17052,28,0
17053,26,0
17054,11,0
17055,25,1035
17056,29,0
17057,30,0
17058,31,0
17059,32,0
17060,33,0
17061,34,0
17062,35,0
17063,36,0
17064,2,0
17065,3,0
17066,0,8
17067,3,0
17068,12,0
17069,12,8
17070,30,0
17071,23,0
17072,34,0
17073,43,0
17074,18,1032
17075,18,1032
17080,10,1032
17081,25,1035
17082,18,1032
17083,18,1032
17084,18,1032
17085,10,1032
17088,10,1032
18001,1,95
18002,1,95
18031,2,0
18032,3,0
18033,4,0
18034,5,0
18035,6,0
18036,7,0
18037,8,0
18038,9,0
18039,10,0
18040,11,0
18041,12,0
18042,13,0
18043,14,0
18044,15,0
18045,16,0
18046,17,0
18047,18,0
18048,19,0
18049,20,0
18050,21,0
18051,22,0
18052,23,0
18053,24,0
18054,25,0
18055,26,0
18056,27,0
18057,25,0
18058,29,0
18059,30,0
18060,31,0
18061,32,0
18062,0,8
18063,15,543
18064,2,27
18065,10,63
18066,17,543
18067,19,543
18068,19,543
18069,19,543
18070,2,95
18071,12,540
18072,1,63
18073,12,0
18074,22,0
18075,2,1032
18076,15,0
18077,10,0
18078,13,0
18079,45,1051
18080,45,1051
18081,45,1051
18082,45,1051
18083,45,1051
18084,45,1051
18085,45,1051
18086,45,1051
18087,45,1051
18088,45,1051
18089,2,1036
18090,10,1032
18092,10,1032
18093,1,1035
18096,18,1032
18100,10,1032
18102,15,1032
18103,15,1032
18108,18,1032
18109,18,1032
18113,10,1032
18114,10,1032
18115,10,1032
18117,0,1035
19001,1,95
19031,2,0
19032,3,0
19033,4,0
19034,5,0
19035,6,0
19036,7,0
19037,8,0
19038,9,0
19039,10,0
19040,11,0
19041,12,0
19042,13,0
19043,14,0
19044,15,0
19045,16,0
19046,17,0
19047,18,0
19048,19,0
19049,20,0
19050,21,0
19051,2,95
19052,5,95
19053,15,27
19054,1,95
19055,0,8
19056,2,1051
19057,50,1032
19058,10,1032
19062,18,1032
19063,18,1032
19066,1,63
19067,10,1032
19068,10,1032
19074,18,1032
19078,18,1032
19079,18,1032
19082,10,1032
19083,10,1032
19085,18,1032
19086,18,1032
19087,10,1032
19088,10,1032
19093,10,1032
19094,18,1032
19102,10,1032
19103,60,1035
19104,2,1032
19105,18,1032
19106,18,1032
19107,10,1035
19113,18,1032
19122,18,1032
19124,18,1032
19125,18,1032
19126,10,1032
19127,7,1032
19128,10,1035
19129,10,1035
19135,10,1035
19136,10,1035
19142,18,1032
20031,2,8
20032,3,8
20033,4,8
20034,5,8
20035,6,8
20036,7,8
20037,8,8
20038,9,8
20039,0,8
20040,26,63
20041,21,63
20042,5,11
20043,10,11
20044,1,63
20045,11,63
20046,8,63
20047,10,63
20048,1,63
21001,1,95
21002,1,95
21003,1,95
21004,1,95
21005,1,95
21006,1,95
21007,1,95
21008,1,95
21009,1,95
21010,1,95
21011,1,95
21012,1,95
21013,1,95
21014,1,95
21015,1,95
21061,2,0
21062,3,0
21063,4,0
21064,5,0
21065,6,0
21066,7,0
21067,8,0
21068,9,0
21069,10,0
21070,11,0
21071,12,0
21072,13,0
21073,14,0
21074,15,0
21075,16,0
21076,17,0
21077,18,0
21078,19,0
21079,20,0
21080,21,0
21081,22,0
21082,23,0
21083,24,0
21084,25,0
21085,26,0
21086,27,0
21087,28,0
21088,29,0
21089,29,0
21090,31,0
21091,32,0
21092,33,0
21093,35,0
21094,20,0
21095,36,0
21096,37,0
21097,38,0
21098,28,0
21099,32,0
21100,30,0
21101,30,0
21102,35,0
21103,16,0
21104,18,0
21105,21,0
21106,19,0
21107,26,0
21108,28,0
21109,32,0
21110,49,0
21111,49,0
21112,15,0
21113,16,0
21114,17,0
21115,19,0
21116,20,0
21117,21,0
21118,23,0
21119,26,0
21120,0,8
21121,38,8
21122,12,8
21123,5,0
21124,13,0
21125,16,0
21126,13,0
21127,14,0
21128,15,0
21129,14,0
21130,15,0
21131,17,0
21132,18,0
21133,30,0
21134,31,0
21135,31,0
21136,27,0
21137,27,0
21138,22,0
21139,24,0
21140,26,0
21141,28,0
21142,21,0
21143,23,0
21144,25,0
21145,27,0
21146,29,0
21147,25,0
21148,27,0
21149,26,0
21150,21,0
21151,16,24
21152,29,0
21153,28,0
21154,30,0
21155,29,0
21156,31,0
21157,33,0
21158,34,0
21159,50,24
21160,27,0
21161,28,0
21162,32,0
21163,30,0
21164,0,31
21165,50,8
21166,34,0
21167,35,0
21168,33,0
21169,15,8
21170,50,8
21171,15,0
21172,37,8
21173,37,8
21174,20,543
21175,28,543
21176,20,0
21177,23,0
21178,32,0
21179,34,0
21180,30,0
21181,28,0
21182,25,0
21183,27,0
21184,36,0
21185,32,0
21186,29,0
21187,34,0
21188,10,0
21189,13,0
21190,25,8
21191,25,8
21192,25,8
21193,25,8
21194,25,8
21195,25,8
21196,38,8
21197,36,0
21198,20,8
21199,26,8
21200,30,0
21201,29,0
21202,25,0
21203,34,0
21204,32,0
21205,32,0
21206,30,0
21207,2,95
21208,2,95
21209,36,543
21210,44,543
21211,52,543
21212,60,543
21213,20,543
21214,28,543
21215,36,543
21216,44,543
21217,52,543
21218,60,543
21219,43,0
21220,39,0
21221,42,0
21222,30,8
21223,68,543
21224,68,543
21225,25,27
21226,25,27
21227,25,27
21228,25,27
21229,35,0
21230,40,0
21231,39,0
21232,22,0
21233,4,11
21234,5,11
21235,6,11
21236,38,0
21237,38,0
21238,44,12
21239,40,0
21240,19,0
21241,15,0
21242,36,0
21243,1,1036
21244,1,1036
21245,1,1036
21246,1,1036
21247,1,1036
21248,1,1036
21249,1,1036
21250,1,1036
21251,1,1036
21252,1,1036
21253,1,1036
21254,1,1036
21255,1,95
21256,21,0
21257,25,0
21258,27,0
21259,33,0
21260,40,0
21261,44,0
21262,2,1032
21263,2,1032
21264,31,0
21282,35,0
21283,76,543
21284,76,543
21285,35,0
21286,2,1036
21287,2,1036
21288,43,0
21289,2,1036
21290,2,1036
21291,42,0
21293,1,1055
21294,40,0
21299,40,0
21300,36,0
21301,41,0
21302,39,0
21315,20,1036
21316,20,1036
21317,44,0
21318,35,0
21319,36,0
21320,18,0
21321,44,0
21322,44,0
21323,38,0
21324,41,0
21325,44,0
21326,42,0
21327,30,0
21328,35,0
21329,24,0
21330,40,0
21331,2,1036
21332,2,1036
21333,15,0
21334,14,0
21335,25,1036
21336,25,1036
21337,32,0
21338,44,0
21339,39,0
21340,25,1036
21341,25,1036
21342,30,1036
21343,30,1036
21344,2,1032
21345,2,1032
21346,1,1055
21347,1,1055
21348,45,1032
21349,45,0
21350,45,1032
21351,45,1032
21352,45,0
21353,45,1032
21364,2,1032
21365,2,1032
21366,2,1032
21367,2,1032
21369,20,1032
21370,20,1032
21373,35,1032
21374,35,1032
21375,20,1032
21376,1,1032
21377,1,1032
21378,1,1032
21379,1,1032
21380,1,1032
21381,20,1032
21382,20,1032
21383,35,1032
21385,15,1032
21386,15,1032
21388,20,1032
21403,20,1032
21404,20,1032
21408,20,1032
21409,20,1032
21410,20,1032
21411,20,1032
21415,20,1032
21416,20,1032
21417,20,1032
21418,20,1032
21419,20,1035
21420,20,1032
21421,20,1032
21422,20,1032
21423,20,1032
21424,20,1032
21426,20,1035
21429,20,1032
21431,20,1032
21432,20,1032
21434,20,1032
21435,20,1032
21439,20,1032
21440,20,1032
21441,20,1032
21442,20,1032
21444,20,1032
21447,20,1032
21451,20,1032
21453,2,1035
21454,20,1032
21455,20,1032
21456,20,1032
21459,2,1035
21461,20,1032
21462,40,1035
21463,5,1035
21464,20,1032
21465,20,1032
21469,2,1032
21470,2,1032
21471,20,1032
21472,20,1032
21473,10,1035
21474,10,1035
21475,10,1035
21476,10,1035
21477,10,1035
21478,20,1032
21479,20,1032
21482,20,1032
21485,10,1032
21486,10,1032
21449,20,1032
21450,20,1032
21503,20,1032
21500,20,1032
21501,20,1032
21504,2,1032
21551,15,1032
21552,20,1032
21554,20,1032
21559,10,1032
21560,10,1032
21561,10,1032
21562,10,1032
21565,10,1032
21566,20,1032
21567,20,1032
21568,3,1032
21572,20,1032
21576,20,1032
21582,10,1032
21583,10,1032
21596,20,1032
21599,10,1032
21600,10,1032
21601,20,1032
21604,10,1032
21605,10,1032
21606,20,1032
21607,10,1032
21608,10,1032
21609,10,1032
21618,10,1032
21622,10,1032
21623,10,1032
21626,10,1032
21629,33,0
21637,20,1032
21638,20,1032
21639,10,1032
21640,20,1032
21643,10,1032
21651,10,1032
21652,20,1032
21655,10,1032
21657,10,1032
21658,10,1032
21659,20,1032
21660,10,1032
21665,20,1032
21672,20,1032
21675,20,1032
21677,20,1032
21679,15,1032
21680,15,1032
21681,10,1032
21682,20,1032
21684,1,1035
21685,1,1035
21687,10,1032
21689,10,1032
21690,10,1032
21694,10,1032
21701,10,1032
21704,20,1032
21705,20,1032
21706,10,1032
21707,1,1032
21712,10,1032
21713,10,1032
21714,10,1032
21715,10,1032
21717,10,1032
21718,10,1032
21719,10,1032
21722,10,1032
21723,10,1032
21724,2,1035
21725,10,1032
21726,10,1032
21727,10,1032
21728,10,1032
21729,10,1032
21732,10,1032
21733,10,1032
21734,10,1032
21735,10,1032
21736,10,1032
21737,10,1032
21730,10,1032
21741,10,1032
21742,20,1035
21745,10,1032
21747,10,1032
21748,10,1032
21749,10,1032
21750,10,1032
21751,10,1032
21754,20,1032
21757,15,1032
21755,10,1032
21758,15,1032
21762,10,1032
21763,10,1032
21765,10,1032
21766,10,1032
21767,10,1032
21770,45,1032
21771,10,1032
21774,10,1032
21782,20,1032
21793,10,1032
21795,10,1032
21796,10,1032
21797,10,1032
21798,60,1032
21800,10,1032
21802,10,1032
21810,50,1032
22001,1,95
22002,1,95
22003,1,95
22004,1,95
22005,1,95
22006,1,95
22007,1,95
22008,1,95
22009,1,95
22061,2,0
22062,3,0
22063,4,0
22064,5,0
22065,10,0
22066,16,0
22067,8,0
22068,9,0
22069,10,0
22070,11,0
22071,12,0
22072,13,0
22073,14,0
22074,15,0
22075,15,0
22076,16,0
22077,18,0
22078,19,0
22079,20,0
22080,20,0
22081,21,0
22082,21,0
22083,22,0
22087,10,0
22088,11,0
22089,13,0
22090,17,0
22091,21,0
22092,22,0
22093,23,0
22094,24,0
22095,25,0
22096,30,0
22097,31,0
22098,32,0
22099,23,8
22100,24,1032
22101,24,1032
22102,25,0
22103,27,0
22104,35,0
22105,36,0
22106,36,0
22107,31,0
22108,32,0
22109,33,0
22110,34,0
22112,23,1032
22113,24,1032
22114,25,1032
22115,23,1032
22116,24,1032
22117,25,1032
22118,18,0
22119,19,0
22120,20,0
22121,21,0
22122,18,0
22123,24,0
22124,25,0
22125,0,8
22126,8,8
22127,6,0
22128,13,0
22129,6,0
22130,15,0
22131,13,8
22132,4,8
22133,4,8
22134,6,8
22135,16,543
22136,12,0
22137,16,0
22138,20,0
22139,20,0
22140,11,0
22141,13,0
22142,17,0
22143,22,0
22144,26,0
22145,27,0
22146,28,0
22147,29,0
22148,29,0
22149,31,0
22150,33,0
22151,35,0
22152,25,0
22153,25,0
22154,32,8
22155,33,8
22156,45,8
22157,10,543
22158,10,543
22159,10,543
22160,20,543
22161,20,543
22162,20,543
22163,20,543
22164,19,0
22165,19,0
22166,50,8
22167,42,8
22168,30,543
22169,30,543
22170,30,543
22171,24,543
22172,40,543
22173,40,543
22174,40,543
22175,28,543
22176,18,0
22177,20,0
22178,21,0
22179,24,0
22180,26,0
22181,28,0
22182,20,0
22183,20,0
22184,18,24
22185,25,0
22186,23,0
22187,26,0
22188,26,0
22189,32,0
22190,30,0
22191,33,0
22192,33,0
22193,30,0
22194,24,0
22195,21,0
22196,27,0
22197,17,0
22198,25,8
22199,25,8
22200,25,8
22201,25,8
22202,25,8
22203,25,8
22204,10,12
22205,20,8
22206,15,8
22207,50,543
22208,50,543
22209,50,543
22210,36,543
22211,2,95
22212,35,27
22213,60,543
22214,60,543
22215,60,543
22216,44,543
22217,26,0
22218,30,0
22219,25,27
22220,70,543
22221,70,543
22222,70,543
22223,52,543
22224,25,27
22225,25,27
22226,25,27
22227,25,27
22228,37,0
22229,38,0
22230,2,11
22231,1,11
22232,1,11
22233,2,11
22234,1,11
22235,3,11
22236,4,11
22237,24,0
22238,80,543
22239,80,543
22240,60,543
22241,36,0
22242,11,0
22243,7,0
22244,90,543
22245,90,543
22246,68,543
22247,30,0
22248,100,543
22249,100,543
22250,76,543
22251,34,0
22252,30,0
22253,39,0
22254,27,0
22255,27,0
22256,33,0
22257,34,0
22258,8,0
22259,1,1032
22260,1,1032
22501,5,0
22502,5,0
22503,38,0
22504,28,0
22505,110,543
22506,110,543
22507,86,543
22508,29,0
22509,33,0
22510,37,0
22512,8,1035
22513,8,1035
22514,40,0
22515,37,0
22516,25,0
22529,20,1036
22530,20,1036
22531,2,1036
22532,2,1036
22533,2,1036
22534,2,1036
22535,2,1036
22536,2,1036
22537,32,0
22538,25,0
22539,30,0
22540,24,0
22541,36,0
22542,41,0
22543,36,0
22544,28,0
22545,17,0
22546,37,0
22547,45,1051
22548,45,1051
22549,45,1051
22550,45,1051
22551,45,1051
22552,45,1051
22553,45,1051
22554,45,1051
22555,45,1051
22556,45,1051
22557,25,1036
22558,25,1036
22559,2,1036
22560,2,1036
22561,2,1036
22562,2,1036
22563,2,1036
22564,2,1036
22565,30,1036
22566,30,1036
22567,45,1036
22568,45,1036
22569,2,1051
22570,2,1051
22571,2,1051
22572,2,1051
22573,2,1051
22574,2,1051
22575,1,1032
22576,1,1032
22577,1,1055
22578,1,1055
22579,1,1032
22580,1,0
22581,1,1032
22582,1,0
22593,2,1036
22598,10,1032
22609,35,1032
22611,1,1032
22612,1,1032
22613,1,1032
22614,20,1032
22615,20,1032
22616,1,1032
22617,2,1032
22618,4,1051
22619,1,1032
22620,1,1032
22621,1,1032
22622,2,1032
22623,2,1032
22624,1,1032
22625,1,1032
22626,1,1032
22628,1,1032
22630,1,1544
22633,1,8
22646,10,1032
22662,10,1032
22664,10,1032
22667,10,1032
22668,10,1032
22671,10,1032
22672,10,1032
22675,10,1544
22676,10,1544
22677,10,1544
22681,10,1032
22685,10,1032
22686,10,1032
22687,10,1032
22691,10,1032
22694,10,1035
22695,10,1032
22696,10,1032
22697,10,1032
22699,10,1032
22700,10,1032
22703,10,1032
22706,10,1032
22707,2,1032
22710,19,1032
22713,10,1032
22717,10,1032
22718,2,1032
22719,2,1035
22724,2,1032
22728,20,543
22729,21,543
22730,22,543
22731,23,543
22732,24,543
22733,25,543
22734,2,1032
22735,2,1032
22736,2,1032
22737,2,1032
22740,10,1032
22741,10,1032
22742,10,1032
22805,10,1032
22806,10,1032
22807,10,1032
22809,10,1032
22813,1,1032
22814,10,1032
22815,10,1032
22817,10,1032
22819,10,1032
22820,10,1032
22821,10,1032
22822,10,1032
22823,10,1032
22824,10,1032
22826,10,1032
22836,10,1032
22837,10,1032
22841,10,1032
22842,10,1032
22845,2,1032
22849,10,1032
22850,10,1032
22853,50,1032
22856,10,1032
22858,10,1032
22859,2,1032
22860,10,1032
22861,10,1032
22862,1,1032
22863,1,1032
22864,10,1032
22865,10,1032
22869,10,1032
22870,3,1032
22879,10,1032
22880,10,1032
22881,1,1032
22882,10,1032
22883,10,1032
22884,10,1032
22885,10,1032
22886,10,1032
22890,1,1032
22892,1,1035
22893,1,1035
22894,45,8
22895,1,1032
22896,1,1032
22897,10,1032
22898,10,1032
22899,10,1032
22901,1,1032
22902,1,1032
22903,1,1032
22904,1,1032
22908,10,1032
22909,10,1032
22910,10,1032
22911,10,1032
22912,10,1032
22914,10,1032
22915,10,1032
22913,10,1032
22918,10,1032
22920,10,1032
22921,2,1032
22922,2,1032
22925,10,1032
22926,10,1032
22928,10,1032
22929,5000,1032
22931,5000,1032
22934,10,1032
22935,10,1032
22937,10,1032
22939,10,1032
22940,5000,1032
22941,10,1032
22942,5000,1032
22945,10,1032
22947,5000,1032
22951,5000,1032
22953,5000,1032
22954,12,1032
22955,12,1032
22958,5000,1032
22959,5000,1032
22961,5000,1032
22962,5000,1032
22963,5000,1032
22973,5000,1032
22980,5000,1032
22981,5000,1032
22984,5000,1032
22989,10,1032
22994,2,1032
22995,2,1032
23001,1,95
23002,1,95
23061,2,0
23062,3,0
23063,4,0
23064,5,0
23065,6,0
23066,7,0
23067,8,0
23068,9,0
23069,10,0
23070,11,0
23077,12,0
23078,13,0
23079,14,0
23080,15,0
23081,16,0
23082,17,0
23083,18,0
23084,19,0
23085,20,0
23086,21,0
23087,22,0
23088,23,0
23089,24,0
23090,25,0
23091,19,0
23092,27,0
23093,28,0
23094,29,0
23095,28,0
23096,30,0
23097,31,0
23098,33,0
23099,34,0
23100,35,0
23101,36,0
23102,37,0
23103,38,0
23104,6,27
23105,0,8
23106,8,0
23107,10,0
23108,2,27
23109,5,0
23110,12,0
23111,15,0
23112,19,0
23113,35,8
23114,27,0
23115,28,0
23116,25,0
23117,29,0
23118,17,0
23119,21,0
23120,23,0
23121,24,0
23122,25,0
23123,26,0
23124,27,0
23125,16,0
23126,16,0
23127,16,0
23128,18,0
23129,18,0
23130,19,0
23131,29,0
23132,60,24
23133,24,0
23134,27,0
23135,22,0
23136,33,0
23137,31,0
23138,20,8
23139,14,0
23140,24,0
23141,32,0
23142,27,0
23143,16,0
23144,25,8
23145,25,8
23146,25,8
23147,25,8
23148,25,8
23149,25,8
23150,15,8
23151,20,0
23152,20,0
23153,31,27
23154,37,0
23155,30,0
23156,25,27
23157,25,27
23158,25,27
23159,25,27
23160,33,0
23161,28,0
23162,33,0
23163,38,0
23164,2,11
23165,3,11
23166,4,11
23167,5,11
23168,40,0
23169,20,0
23170,34,0
23171,37,0
23172,23,0
23173,31,0
23174,35,0
23175,29,0
23176,32,0
23177,31,0
23178,25,0
23179,32,0
23180,31,0
23181,2,1032
23182,33,0
23183,39,0
23184,31,0
23185,41,0
23186,42,0
23187,33,0
23189,40,0
23190,37,0
23191,35,0
23192,35,0
23193,18,0
23194,40,0
23195,39,0
23196,37,0
23197,34,0
23198,36,0
23199,31,0
23210,41,0
23211,41,0
23212,41,0
23213,41,0
23214,41,0
23215,41,0
23218,22,1032
23222,15,1052
23223,10,1032
23236,1,1032
23238,1,1032
23239,1,1032
23240,1,1032
23244,1,1032
23245,1,1032
23247,1,1032
23248,1,1032
23251,1,1032
23252,1,1032
23253,1,1032
23254,1,1032
23255,1,1032
23256,1,1032
23257,1,1032
23258,1,1032
23260,1,1032
23263,1,1032
23267,1,1032
23268,1,1032
23313,1,1032
23315,1,1032
23316,1,1032
23317,1,1032
23318,1,1032
23319,1,1032
23320,1,1032
23321,1,1032
23322,1,1032
23323,1,1032
23324,1,1032
23326,2,1032
23327,1,1032
23332,10,1032
23333,10,1032
23336,1,1032
23337,1,1032
23338,1,1032
23339,1,1032
23341,1,1032
23342,1,1032
23343,1,1032
23358,1,1032
23360,1,1032
23361,1,1032
23364,1,1032
23365,1,1032
23371,1,1032
23372,1,1032
23373,1,1032
23377,1,1032
23382,1,1032
23385,1,1032
23387,1,1032
23388,1,1032
23390,1,1032
23391,10,1032
23392,10,1032
23393,1,1032
23395,1,1032
23400,1,1032
23401,1,1032
23403,1,1032
23404,1,1032
23405,1,1032
23406,1,1032
23407,1,1032
23408,10,1032
23409,10,1032
23410,10,1032
23411,10,1032
23414,10,1032
23415,1,1032
23418,1,1032
23420,1,1032
23426,1,1032
23428,1,1032
23438,10,1032
23445,10,1032
23449,1,1032
23452,1,1032
23455,10,1032
23461,50,1032
24001,1,95
24002,1,95
24003,1,95
24004,1,95
24005,1,95
24006,1,95
24007,1,95
24008,1,95
24009,1,95
24010,1,95
24011,1,95
24012,1,95
24013,1,95
24014,1,95
24015,1,95
24061,2,0
24062,4,0
24063,5,0
24064,6,0
24065,7,0
24066,8,0
24067,3,0
24068,9,0
24069,10,0
24070,11,0
24071,12,0
24072,13,0
24073,14,0
24074,15,0
24075,16,0
24076,17,0
24077,18,0
24078,35,0
24079,35,0
24080,35,0
24081,35,0
24082,39,0
24083,24,0
24084,29,0
24085,30,0
24086,23,0
24087,28,0
24088,30,0
24089,26,0
24090,0,8
24091,23,0
24092,2,27
24093,5,0
24094,10,0
24095,13,0
24096,10,0
24097,14,0
24098,15,0
24099,39,0
24100,15,0
24101,15,0
24102,15,0
24103,15,0
24104,15,0
24105,25,0
24106,27,0
24107,26,0
24108,28,0
24109,31,0
24110,32,0
24111,18,0
24112,19,0
24113,20,0
24114,21,0
24115,22,0
24116,23,0
24117,24,0
24118,25,0
24119,26,0
24120,27,0
24121,28,0
24122,29,0
24123,30,0
24124,39,24
24125,39,24
24126,27,0
24127,22,0
24128,39,0
24129,35,0
24130,32,0
24131,34,0
24132,30,0
24133,27,0
24134,31,0
24135,29,0
24136,30,0
24137,29,0
24138,8,31
24139,22,0
24140,24,0
24141,24,8
24142,14,0
24143,28,0
24144,3,27
24145,24,0
24146,25,0
24147,21,0
24148,33,0
24149,32,0
24150,34,0
24151,12,0
24152,25,8
24153,25,8
24154,25,8
24155,25,8
24156,25,8
24157,25,8
24158,18,8
24159,16,8
24160,15,8
24161,32,0
24162,29,0
24163,28,0
24164,2,95
24165,2,95
24166,30,0
24167,35,8
24168,28,8
24169,25,27
24170,25,27
24171,25,27
24172,25,27
24173,45,0
24174,37,0
24175,45,8
24176,28,0
24177,37,0
24178,20,0
24179,3,11
24180,6,11
24181,7,11
24182,8,11
24183,34,0
24184,21,0
24185,26,0
24186,21,0
24187,11,0
24188,13,0
24189,32,0
24190,27,0
24191,27,0
24192,36,0
24193,30,0
24194,33,0
24195,27,0
24196,40,0
24197,34,0
24198,35,0
24199,38,0
24200,37,0
24201,29,0
24202,1,1032
24203,1,1032
24204,36,0
24205,35,0
24206,40,0
24208,38,0
24209,32,0
24222,20,1036
24223,20,1036
24224,39,0
24225,40,0
24226,30,0
24227,28,0
24228,26,0
24229,29,0
24230,20,0
24231,9,0
24232,30,0
24233,20,0
24234,10,0
24235,25,1036
24236,25,1036
24237,30,1036
24238,30,1036
24239,1,1032
24240,1,1032
24241,1,1055
24242,1,1055
24243,1,1032
24244,1,0
24245,1,1032
24246,1,0
24257,1,1032
24258,1,1032
24259,1,1032
24260,1,1032
24261,1,1032
24262,1,1032
24269,22,1032
24273,10,1032
24287,10,1032
24291,25,1032
24296,2,1032
24297,2,1032
24298,2,1032
24299,2,1032
24302,2,1032
24346,10,1032
24347,10,1032
24352,10,1032
24358,10,1032
24359,10,1032
24365,2,1032
24368,10,1032
24375,10,1032
24376,10,1032
24377,42,0
24385,10,1032
24389,10,1032
24391,10,1032
24392,10,1032
24409,10,1032
24412,10,1032
24416,10,1032
24417,60,1032
24419,1,1035
24420,1,1035
24422,10,1032
24425,10,1032
24427,10,1032
24428,10,1032
24434,10,1032
24436,10,1032
24437,10,1032
24438,10,1032
24439,10,1032
24441,10,1032
24444,10,1032
24445,10,1032
24446,10,1032
24447,10,1032
24449,10,1032
24451,10,1032
24452,10,1032
24456,10,1032
24457,10,1032
24460,10,1032
24461,10,1032
24462,10,1032
24463,10,1032
24464,10,1032
24467,10,1032
24470,10,1032
24471,10,1032
24473,10,1032
24474,10,1032
24475,10,1032
24476,50,1032
24479,10,1032
24484,10,1032
24492,10,1032
24493,10,1032
24494,10,1032
24495,10,1032
24499,60,1032
24505,50,1032
25001,5,0
25002,6,0
25003,7,0
25004,10,0
25005,13,0
25006,30,0
25007,29,0
25008,23,0
25009,19,0
25010,26,0
25011,20,0
25012,9,0
25013,12,0
25014,16,0
25015,5,0
25016,21,0
25017,27,0
25018,14,0
25019,31,0
25020,2,0
25021,11,0
25022,8,0
25023,24,0
25024,22,0
25025,18,0
25026,32,0
25027,33,0
25028,0,63
25029,35,0
25030,36,0
25031,37,0
25032,38,0
25033,39,0
25034,40,0
25037,4,0
25038,3,0
25039,20,8
25040,20,8
25041,15,0
25042,28,12
25043,10,95
25044,0,8
25045,20,91
25046,12,91
25047,2,27
25048,2,27
25049,2,27
25050,2,27
25051,2,27
25052,6,0
25053,1,0
25054,7,0
25055,12,8
25056,12,8
25057,6,8
25058,4,8
25059,3,8
25060,2,8
25061,3,8
25062,4,8
25063,6,8
25064,6,8
25065,6,8
25066,6,8
25067,6,8
25068,6,8
25069,6,8
25070,6,8
25071,6,8
25072,6,8
25073,6,8
25074,6,8
25075,6,8
25076,6,8
25077,6,8
25078,6,8
25079,6,8
25080,6,8
25081,6,8
25082,6,8
25083,6,8
25084,6,8
25085,6,8
25086,6,8
25087,6,8
25088,6,8
25089,6,8
25090,6,8
25091,6,8
25092,6,8
25093,6,8
25094,6,8
25095,6,8
25096,6,8
25097,6,8
25098,4,8
25099,4,8
25100,4,8
25101,4,8
25102,4,8
25103,4,8
25104,4,8
25105,4,8
25106,4,8
25107,4,8
25108,4,8
25109,4,8
25110,4,8
25111,4,8
25112,4,8
25113,4,8
25114,4,8
25115,4,8
25116,4,8
25117,4,8
25118,4,8
25119,4,8
25120,4,8
25121,4,8
25122,4,8
25123,4,8
25124,4,8
25125,4,8
25126,4,8
25127,4,8
25128,4,8
25129,4,8
25130,4,8
25131,4,8
25132,4,8
25133,1,8
25134,2,27
25135,3,27
25136,4,27
25137,5,27
25138,6,27
25139,1,8
25140,2,27
25141,3,27
25142,4,27
25143,1,27
25144,2,27
25145,3,27
25146,4,27
25147,5,27
25148,1,12
25149,14,0
25150,7,31
25151,2,12
25152,5,27
25153,10,8
25154,25,8
25155,10,8
25156,25,8
25157,10,8
25158,25,8
25159,10,8
25160,25,8
25161,10,8
25162,25,8
25163,20,8
25164,30,8
25165,20,8
25166,30,8
25167,20,8
25168,30,8
25169,20,8
25170,30,8
25171,17,31
25172,17,27
25173,17,27
25174,17,27
25175,17,27
25176,23,8
25177,23,8
25178,23,8
25179,23,8
25180,23,8
25181,17,27
25182,17,27
25183,17,27
25184,17,27
25185,17,27
25186,23,8
25187,23,8
25188,23,8
25189,23,8
25190,23,8
25191,24,543
25192,24,543
25193,20,8
25194,6,8
25195,6,12
25196,1,76
25197,23,63
25198,10,8
25199,6,27
25201,6,31
25202,1,95
25203,10,27
25204,32,543
25205,32,543
25206,10,8
25207,2,524
25208,2,12
25209,2,12
25210,5,27
25211,15,8
25212,40,543
25213,40,543
25214,2,12
25215,10,543
25216,20,543
25217,30,543
25218,10,12
25219,2,8
25220,1,63
25221,2,8
25222,48,543
25223,48,543
25224,40,543
25225,10,31
25226,10,63
25227,10,31
25228,10,8
25229,10,8
25230,10,8
25231,0,218
25232,0,218
25233,0,218
25234,0,218
25235,0,218
25236,0,218
25237,0,218
25238,0,218
25239,0,218
25240,0,218
25241,0,218
25242,0,218
25243,0,218
25244,0,218
25245,0,218
25246,0,218
25247,0,218
25248,0,218
25249,0,218
25250,0,218
25251,0,218
25252,0,218
25253,0,218
25254,0,218
25255,0,218
25256,0,218
25257,0,218
25258,0,218
25259,0,218
25260,0,218
25261,0,218
25262,0,218
25263,0,218
25264,0,218
25265,0,218
25266,0,218
25267,0,218
25268,0,218
25269,0,218
25270,0,218
25271,0,218
25272,0,218
25273,0,218
25274,0,218
25275,0,218
25276,0,218
25277,0,218
25278,0,218
25279,0,218
25280,0,218
25281,0,218
25282,0,218
25283,0,218
25284,0,218
25285,0,218
25286,0,218
25287,0,218
25288,0,218
25289,0,218
25290,0,218
25291,0,218
25292,0,218
25293,0,218
25294,0,218
25295,0,218
25296,0,218
25297,0,218
25298,0,218
25299,0,218
25300,0,218
25301,0,218
25302,0,218
25303,0,218
25304,0,218
25305,0,218
25306,0,218
25307,0,218
25308,0,218
25309,0,218
25310,0,218
25311,0,218
25312,0,218
25313,0,218
25314,0,218
25315,0,218
25316,0,218
25317,0,218
25318,0,218
25319,0,218
25320,0,218
25321,0,218
25322,0,218
25323,0,218
25324,0,218
25325,0,218
25326,0,218
25327,0,218
25328,0,218
25329,0,218
25330,0,218
25331,0,218
25332,0,218
25333,0,218
25334,0,218
25335,0,218
25336,0,218
25337,0,218
25338,0,218
25339,0,218
25340,0,218
25341,0,218
25342,0,218
25343,0,218
25344,0,218
25345,0,218
25346,0,218
25347,0,218
25348,0,218
25349,0,218
25350,0,218
25351,0,218
25352,0,218
25353,0,218
25354,0,218
25355,0,218
25356,0,218
25357,0,218
25358,0,218
25359,0,218
25360,0,218
25361,0,218
25362,0,218
25363,0,218
25364,0,218
25365,0,218
25366,0,218
25367,0,218
25368,0,218
25369,0,218
25370,0,218
25371,0,218
25372,0,218
25373,0,218
25374,0,218
25375,0,218
25376,0,218
25377,0,218
25378,0,218
25379,0,218
25380,0,218
25381,0,218
25382,0,218
25383,0,218
25384,0,218
25385,0,218
25386,0,218
25387,0,218
25388,0,218
25389,0,218
25390,0,218
25391,0,218
25392,0,218
25393,0,218
25394,0,218
25395,0,218
25396,0,218
25397,0,218
25398,0,218
25399,0,218
25400,0,218
25401,0,218
25402,0,218
25403,0,218
25404,0,218
25405,0,218
25406,0,218
25407,0,218
25408,0,218
25409,0,218
25410,0,218
25411,0,218
25412,0,218
25413,0,218
25414,0,218
25415,0,218
25416,0,218
25417,0,218
25418,0,218
25419,0,218
25420,0,218
25421,0,218
25422,0,218
25423,0,218
25424,0,218
25425,0,218
25426,0,218
25427,0,218
25428,0,218
25429,0,218
25430,0,218
25431,0,218
25432,0,218
25433,0,218
25434,0,218
25435,0,218
25436,0,218
25437,0,218
25438,0,218
25439,0,218
25440,0,218
25441,0,218
25442,0,218
25443,0,218
25444,0,218
25445,0,218
25446,0,218
25447,0,218
25448,0,218
25449,0,218
25450,0,218
25451,0,218
25452,0,218
25453,0,218
25454,0,218
25455,0,218
25456,0,218
25457,0,218
25458,0,218
25459,0,218
25460,0,218
25461,0,218
25462,0,218
25463,0,218
25464,0,218
25465,0,218
25466,0,218
25467,0,218
25468,0,218
25469,0,218
25470,0,218
25471,0,218
25472,0,218
25473,0,218
25474,0,218
25475,0,218
25476,0,218
25477,0,218
25478,0,218
25479,0,218
25480,0,218
25481,0,218
25482,0,218
25483,0,218
25484,0,218
25485,0,218
25486,0,218
25487,0,218
25488,0,218
25489,0,218
25490,0,218
25491,0,218
25492,0,218
25493,0,218
25494,0,218
25495,0,218
25496,0,218
25497,0,218
25498,0,218
25499,0,218
25500,0,218
25501,0,218
25502,0,218
25503,0,218
25504,0,218
25505,0,218
25506,0,218
25507,0,218
25508,0,218
25509,0,218
25510,0,218
25511,0,218
25512,0,218
25513,0,218
25514,0,218
25515,0,218
25516,0,218
25517,0,218
25518,0,218
25519,0,218
25520,0,218
25521,0,218
25522,0,218
25523,0,218
25524,0,218
25525,0,218
25526,0,218
25527,0,218
25528,0,218
25529,0,218
25530,0,218
25531,32,12
25532,8,12
25533,20,12
25534,44,31
25535,2,12
25536,2,12
25537,37,31
25538,10,31
25539,2,12
25540,2,12
25541,1,12
25542,2,27
25543,2,27
25544,3,27
25545,4,27
25546,5,27
25547,6,27
25548,7,27
25549,8,27
25550,9,27
25551,10,27
25552,11,27
25553,12,27
25554,13,27
25555,14,27
25556,15,27
25557,16,27
25558,17,31
25559,18,31
25560,19,31
25561,20,31
25562,21,31
25563,25,31
25564,26,31
25565,27,31
25566,28,31
25567,23,8
25568,23,8
25569,23,8
25570,23,8
25571,23,8
25572,2,27
25573,2,27
25574,3,27
25575,4,27
25576,5,27
25577,6,27
25578,7,27
25579,8,27
25580,9,27
25581,10,27
25582,11,27
25583,12,27
25584,13,27
25585,14,27
25586,15,31
25587,16,31
25588,17,31
25589,56,543
25590,56,543
25591,50,543
25592,56,543
25593,56,543
25594,29,31
25595,60,543
25596,32,27
25597,32,27
25598,30,27
25599,3,524
25600,6,524
25601,9,524
25602,12,524
25603,15,524
25604,2,12
25605,72,543
25606,72,543
25607,70,543
25608,18,524
25609,2,95
25610,2,95
25611,80,543
25612,80,543
25613,21,524
25614,88,543
25615,88,543
25616,24,524
25617,20,12
25618,25,12
25619,25,8
25620,25,8
25621,96,543
25622,96,543
25623,27,524
25624,20,0
25625,2,12
25626,20,27
25627,26,0
25628,24,0
25629,30,0
25630,50,31
25631,16,0
25632,36,0
25633,104,543
25634,104,543
25635,30,524
25636,25,0
25637,7,1035
25638,41,0
25639,2,1036
25640,2,1036
25641,2,12
25642,14,0
25643,32,0
25644,40,0
25645,17,0
25646,19,0
25647,14,0
25658,24,543
25659,24,543
25660,15,543
25661,45,0
25662,32,543
25663,40,543
25664,48,543
25665,56,543
25666,64,543
25667,72,543
25668,80,543
25669,88,543
25670,96,543
25671,104,543
25672,32,543
25673,40,543
25674,48,543
25675,56,543
25676,64,543
25677,72,543
25678,80,543
25679,88,543
25680,96,543
25681,104,543
25682,25,543
25683,35,543
25684,45,543
25685,55,543
25686,65,543
25687,75,543
25688,85,543
25689,95,543
25690,105,543
25691,115,543
25692,37,31
25704,10,1032
25705,10,1032
25708,10,1032
25709,10,1032
25710,10,1032
25711,10,1032
25712,10,1032
25713,10,1032
25714,10,1032
25717,35,524
25718,35,524
25736,10,1032
25737,20,1032
25739,10,1032
25768,20,1032
25769,10,1032
25770,20,1032
25771,20,1032
25774,20,1032
25775,20,1035
25777,20,1032
25778,20,1032
25781,20,1032
25782,20,1032
25783,20,1032
25785,20,1035
25787,20,1032
25788,20,1032
25789,20,1032
25792,20,1032
25793,20,1032
25794,20,1032
25795,10,1032
25796,10,1032
25797,20,1032
25799,2,524
25800,3,524
25801,6,524
25802,9,524
25803,12,524
25804,15,524
25805,18,524
25806,21,524
25807,24,524
25808,27,524
25809,30,524
25810,2,524
25811,3,524
25812,6,524
25813,9,524
25814,12,524
25815,15,524
25816,18,524
25817,21,524
25818,24,524
25819,27,524
25820,30,524
25821,2,524
25822,3,524
25823,6,524
25824,9,524
25825,12,524
25826,15,524
25827,18,524
25828,21,524
25829,24,524
25830,27,524
25831,30,524
25834,10,1032
25835,10,1032
25851,10,1035
25840,20,1032
25841,20,1032
25842,20,1032
25843,20,1032
25844,20,1032
25848,10,8
25849,10,8
25850,20,1032
25854,10,1032
25856,20,1032
25857,10,1032
25858,20,1032
25863,10,1032
25864,10,1032
25865,3,1032
25866,10,1032
25867,10,1032
25868,10,1032
25873,1,31
25876,10,1032
25880,3,1032
25881,10,1032
25882,10,1032
25883,10,1032
25884,10,1032
25887,10,1032
25888,10,1032
25889,10,1032
25891,10,1032
25893,10,1544
25894,10,1032
25896,10,1032
25898,10,1032
25900,10,1032
25901,10,1032
25912,10,1032
25913,10,1032
25918,10,1032
25919,10,1032
25926,10,1032
25935,10,1032
25946,10,1032
25947,10,1032
25951,10,1032
25961,10,1032
25962,10,1032
25963,10,1032
25972,10,1032
25973,10,1032
25979,10,1032
25980,10,1032
25981,10,1032
25982,10,1032
25983,10,1032
25985,10,1032
25988,20,1032
25984,10,1032
25991,10,1544
25996,10,1544
25999,80,1032
26001,1,268
26002,1,268
26003,1,268
26004,1,268
26005,1,268
26006,1,268
26007,1,268
26008,1,268
26009,1,268
26010,1,268
26011,1,268
26012,1,268
26013,1,268
26014,1,268
26015,1,268
26016,1,268
26017,1,268
26018,1,268
26019,1,268
27000,1,19
27001,2,19
27002,2,19
27003,3,19
27004,2,19
27005,2,19
27006,3,19
27007,1,19
27008,1,19
27009,3,19
27010,4,19
27011,4,19
27012,5,19
27013,6,19
27014,7,19
27015,8,19
27016,8,19
27017,3,19
27018,4,19
27019,4,19
27020,8,19
27021,8,19
27022,7,19
27025,8,19
27552,10,1032
27553,10,1032
27554,10,1032
27584,10,1032
27585,10,1032
27606,10,1032
27717,10,1035
30001,1,95
30002,1,95
30003,1,95
30004,1,95
30005,1,95
30006,1,95
30007,1,95
30008,1,95
30009,1,95
30011,1,95
30012,1,95
30013,1,95
30014,1,95
30015,1,95
30016,1,95
30017,1,95
30018,1,95
30019,1,95
30020,1,95
30021,1,95
30022,1,95
30023,1,95
30024,1,95
30025,1,222
30026,1,95
30027,1,95
30028,1,95
30029,1,95
30030,1,95
30031,1,95
30032,1,95
30033,1,95
30034,1,95
30035,1,95
30036,1,12
30037,0,95
30038,1,12
30039,1,12
30040,1,12
30041,1,12
30042,1,12
30043,1,95
30044,1,95
30045,1,95
30046,1,95
30047,1,95
30048,1,92
30049,1,95
30050,1,95
30051,1,95
30052,1,95
30053,1,95
30054,1,95
30055,1,95
30056,1,95
30057,1,95
30058,1,95
30059,0,95
30060,0,222
30061,0,95
30062,0,95
30063,0,12
30064,0,12
30065,0,12
30066,0,12
30067,0,12
30068,0,268
30069,0,268
30070,0,268
30071,0,268
30072,0,268
30073,0,268
30074,0,268
30075,0,268
30076,0,268
30077,0,268
30078,0,268
30079,0,268
30080,0,268
30081,0,268
30082,0,268
30083,0,268
30084,0,268
30085,0,268
30086,0,268
30087,0,268
30088,0,268
30089,0,268
30090,0,268
30091,0,268
30092,0,268
30093,0,95
30094,0,222
30095,0,95
30096,1,95
30097,1,95
30098,1,95
30099,1,28
30100,1,95
30101,1,28
30102,1,95
30103,1,95
30104,0,268
30105,0,268
30106,0,268
30107,0,268
30108,0,268
30109,0,268
30110,0,268
30111,0,268
30112,0,268
30113,0,268
30114,0,268
30115,0,268
30116,0,268
30117,0,268
30118,0,268
30119,0,268
30120,0,268
30121,0,268
30122,0,268
30123,0,268
30124,0,12
30125,0,95
30126,0,95
30127,0,95
30128,0,95
30129,0,95
30130,0,95
30131,0,95
30132,0,95
30133,0,28
30134,0,95
30135,0,12
30136,0,95
30137,0,95
30138,0,95
30139,0,95
30140,0,95
30141,0,95
30142,0,95
30143,0,95
30144,0,95
30145,0,95
30146,0,95
30147,0,95
30148,0,95
30149,0,95
30150,0,95
30151,0,95
30152,0,95
30153,0,95
30154,0,95
30155,0,95
30156,0,95
30157,0,95
30158,0,95
30159,0,95
30160,0,95
30161,0,95
30162,0,95
30163,0,95
30164,0,95
30165,0,95
30166,0,95
30167,0,95
30168,0,95
30169,0,95
30170,0,95
30171,0,95
30172,0,95
30173,0,95
30174,0,95
30175,0,95
30176,0,95
30177,0,95
30178,0,95
30179,0,95
30180,0,95
30181,0,95
30182,0,95
30183,0,95
30184,0,95
30185,0,268
30186,0,268
30187,0,268
30188,0,268
30189,0,268
30190,0,268
30191,0,268
30192,0,268
30193,0,268
30194,0,268
30195,0,268
30196,0,268
30197,0,268
30198,0,268
30199,0,268
30200,0,268
30201,0,268
30202,0,268
30203,0,268
30204,0,268
30205,0,95
30206,0,95
30207,0,268
30208,0,268
30209,0,268
30210,0,268
30211,0,268
30212,0,95
30213,0,95
30214,15,31
30215,0,95
30216,0,95
30217,0,95
30218,0,95
30219,0,95
30220,0,95
30221,0,95
30222,0,95
30223,0,95
30224,0,95
30225,0,95
30226,0,95
30227,0,95
30228,0,95
30229,0,95
30230,0,95
30231,0,95
30232,0,268
30233,0,268
30234,0,268
30235,0,268
30236,0,268
30237,0,268
30238,0,268
30239,0,268
30240,0,268
30241,0,268
30242,0,268
30243,0,268
30244,0,268
30245,0,95
30246,0,95
30247,0,95
30248,0,95
30249,0,95
30250,0,95
30251,0,95
30252,0,95
30253,0,95
30254,0,95
30255,0,351
30256,0,95
30257,0,95
30258,0,95
30259,0,95
30260,0,95
30261,0,95
30262,0,95
30263,0,95
30264,0,95
30265,0,95
30266,0,95
30267,0,95
30268,0,95
30269,0,95
30270,0,95
30271,0,95
30272,0,95
30273,0,95
30274,0,95
30276,0,95
30277,0,95
30278,0,95
30279,0,95
30280,0,95
30281,0,95
30282,0,95
30283,0,95
30284,0,95
30285,1,95
30286,1,95
30287,1,95
30288,0,268
30289,0,12
30290,0,12
30291,0,12
30292,0,12
30293,1,95
30294,0,95
30295,0,95
30296,0,268
30297,0,95
30298,1,95
30299,1,95
30300,0,287
30301,0,287
30302,0,268
30303,0,287
30304,1,95
30305,1,95
30306,1,95
30307,1,95
30308,1,95
30309,1,95
30310,0,95
30311,1,95
30312,1,95
30313,1,12
30314,1,12
30315,1,12
30316,1,95
30317,1,95
30318,1,95
30319,1,95
30320,1,95
30321,1,95
30322,10,95
30323,1,95
30324,1,95
30325,1,95
30326,1,95
30327,1,95
30328,1,95
30329,1,95
30330,1,95
30331,1,95
30332,0,95
30333,1,95
30334,1,31
30335,1,95
30336,0,95
30337,0,95
30338,0,95
30339,0,95
30340,0,95
30341,1,95
30342,1,95
30343,1,95
30344,1,95
30345,1,95
30346,1,95
30350,0,268
30351,1,95
30352,1,95
30353,1,95
30354,1,95
30355,1,95
30356,1,95
30362,0,95
30363,0,95
30369,0,95
30370,0,268
30371,1,28
30372,1,95
30375,0,95
30376,0,95
30377,0,95
30378,0,95
30379,0,95
30380,0,95
30381,0,268
30382,0,268
30390,0,268
30391,0,95
30398,0,95
30399,0,95
30400,0,268
30403,0,95
30404,0,95
30413,0,268
30414,0,268
30417,0,95
30423,0,95
30424,0,95
30425,0,95
30426,0,95
30427,0,95
30428,0,95
30430,0,268
30431,0,268
30432,0,268
30436,0,95
30437,0,95
30443,0,287
30444,0,287
30445,0,287
30446,0,287
30447,0,287
30448,0,287
30449,0,287
30450,0,287
30451,0,287
30452,0,287
30453,0,268
30454,0,268
30455,0,268
30456,1,95
30458,0,287
30461,0,95
30462,0,287
30463,1,12
30464,1,15
30469,0,95
30470,0,268
30471,0,268
30472,0,287
30473,0,268
30474,0,268
30475,0,268
30476,0,268
30477,0,95
30478,0,95
30479,0,268
30480,0,268
30481,0,268
30482,0,268
30484,0,268
30485,0,268
30486,0,268
30487,0,268
30490,0,95
30491,0,268
30492,0,268
30497,0,268
30498,0,268
30500,0,95
30502,0,95
30508,0,268
30519,0,268
30520,0,268
30521,0,268
30522,0,95
30524,0,268
30525,0,268
30526,0,268
30527,0,268
30528,0,271
30529,0,271
30530,0,268
30531,0,268
30532,0,268
30533,0,268
30535,0,268
30536,0,268
30539,0,95
30540,0,95
30542,0,95
30543,0,95
30547,0,268
30548,0,268
30546,0,95
30551,0,95
30552,0,95
30553,0,95
30556,0,95
30558,1,92
30565,0,95
30566,0,95
30567,0,95
30590,1,95
30591,0,287
30594,0,95
30596,0,12
30585,1,95
30586,1,95
30587,1,95
30593,0,92
30603,0,268
30605,0,268
30606,0,268
30607,1,12
30617,0,95
30628,0,92
30629,0,92
30630,0,271
30647,0,92
30648,0,92
30652,0,92
30654,1,95
30659,0,95
30710,0,92
30714,0,268
30721,1,95
30722,1,95
30723,1,287
30732,0,287
30733,0,268
30734,0,268
30739,0,95
30749,0,92
30750,0,95
30752,0,287
30756,0,92
30766,0,92
30767,0,268
30768,0,92
30772,0,92
30773,0,92
30784,0,92
30790,0,92
30802,0,268
30803,0,268
30804,0,268
30805,0,287
30809,0,92
30812,0,92
30818,0,287
30822,1,268
30828,0,92
30829,0,287
30841,0,92
30842,0,92
30843,0,287
30847,1,95
30850,0,92
30851,0,92
30852,0,268
30884,0,92
30885,0,92
30886,0,92
30887,0,92
30888,0,268
30896,0,92
30905,0,92
30906,0,92
30908,0,268
30909,0,95
30910,0,92
30911,0,92
30912,0,92
30914,0,287
30917,0,92
30953,0,92
30954,0,92
30955,0,287
30958,0,92
30959,0,92
30975,0,92
30976,0,92
30983,0,287
30985,0,92
30998,0,92
30999,0,287
31047,0,92
31048,0,92
31049,0,287
31061,0,92
31062,0,92
31063,0,287
31064,0,287
31065,0,287
31094,0,92
31095,0,287
31118,0,92
31119,0,92
31120,0,287
31155,0,92
31156,0,92
31159,0,287
31172,0,92
31176,0,92
31192,0,287
32001,2,8
32002,3,8
32003,2,8
32004,3,8
32005,4,8
32006,4,8
32007,3,8
32008,3,8
32009,3,8
32010,3,8
32011,1,8
32012,2,8
32013,4,8
32014,4,8
32015,5,8
32016,3,8
32017,3,8
32018,4,8
32019,4,8
32020,4,8
32021,4,8
32022,5,8
32023,5,8
32024,1,8
32025,1,8
32026,3,8
32027,4,8
32028,5,8
32029,6,8
32030,5,8
32031,5,8
32032,3,27
32033,6,8
32034,3,8
32035,3,8
32036,3,8
32037,5,8
32038,7,8
32039,7,8
32040,6,8
32041,9,8
32042,9,8
32043,8,8
32044,5,8
32045,7,8
32046,7,8
32047,11,8
32048,4,8
32049,4,8
32050,8,8
32051,4,8
32052,7,8
32053,2,8
32054,4,8
32055,7,8
32056,5,8
32057,5,8
32058,6,8
32059,5,8
32060,8,8
32061,5,8
32062,14,8
32063,5,8
32064,10,8
32065,9,8
32066,10,8
32067,4,8
32068,5,8
32069,4,8
32070,2,8
32071,3,27
32072,4,27
32073,3,27
32074,1,27
32075,2,27
32076,5,8
32077,6,8
32078,5,8
32079,3,8
32080,5,8
32081,2,8
32082,5,8
32083,7,8
32084,4,8
32085,6,8
32086,5,8
32087,4,8
32088,4,8
32089,4,8
32090,4,8
32091,7,8
32092,3,8
32093,5,8
32094,7,8
32095,12,8
32096,8,8
32097,10,8
32098,5,8
32099,12,8
32100,2,27
32101,3,27
32102,3,27
32103,2,8
32104,3,8
32105,3,8
32106,2,8
32107,4,8
32108,5,8
32109,6,8
32110,7,8
32111,8,8
32112,9,8
32113,5,8
32114,6,8
32115,7,8
32116,6,8
32117,2,8
32118,6,8
32119,5,0
32120,4,0
32121,3,0
32122,3,0
32123,5,0
32124,4,0
32125,3,0
32126,3,0
32127,5,0
32128,6,0
32129,2,0
32130,3,0
32131,4,0
32132,7,0
32133,4,8
32134,5,8
32135,6,8
32136,7,8
32137,4,8
32138,7,8
32139,5,8
32140,2,8
32141,2,8
32142,3,8
32143,2,8
32144,2,8
32145,2,8
32146,3,8
32147,3,8
32148,2,8
32149,2,8
32150,5,8
32151,4,8
32152,4,8
32153,4,8
32154,5,8
32155,4,8
32156,4,8
32157,5,8
32158,5,8
32159,4,8
32160,3,8
32161,3,8
32162,3,12
32163,8,8
32164,8,8
32165,10,8
32166,5,8
32167,5,8
32168,3,8
32169,7,8
32170,3,8
32171,4,8
32172,4,8
32173,24,12
32174,30,12
32175,8,8
32176,12,31
32177,24,15
32178,8,8
32179,15,8
32180,17,8
32181,2,8
32182,3,8
32183,4,8
32184,4,8
32185,2,8
32186,2,8
32187,3,8
32188,2,8
32189,4,8
32190,4,8
32191,6,8
32192,2,8
32193,4,8
32194,4,8
32195,5,8
32196,4,8
32197,5,8
32198,5,8
32199,6,8
32200,3,8
32201,5,8
32202,8,8
32203,9,8
32204,8,8
32205,12,8
32206,5,8
32207,4,8
32208,7,8
32209,2,8
32210,4,8
32211,7,8
32212,5,8
32213,5,8
32214,14,8
32215,5,8
32216,10,8
32217,9,8
32218,10,8
32219,5,8
32220,6,8
32221,5,8
32222,3,8
32223,5,8
32224,2,8
32225,5,8
32226,7,8
32227,4,8
32228,5,8
32229,4,8
32230,4,8
32231,7,8
32232,5,8
32233,12,8
32234,4,8
32235,3,8
32236,2,8
32237,4,8
32238,5,8
32239,6,8
32240,7,8
32241,8,8
32242,9,8
32243,5,8
32244,6,8
32245,7,8
32246,2,8
32247,6,8
32248,5,8
32249,2,8
32250,2,8
32251,3,8
32252,2,8
32253,2,8
32254,2,8
32255,3,8
32256,3,8
32257,2,8
32258,2,8
32259,5,8
32260,4,8
32261,4,8
32262,4,8
32263,5,8
32264,4,8
32265,4,8
32266,5,8
32267,5,8
32268,4,8
32269,3,8
32270,3,8
32271,8,8
32272,15,8
32273,17,8
32274,2,8
32275,3,8
32276,4,8
32277,4,8
32278,2,8
32279,8,8
32280,8,8
32281,8,8
32282,8,8
32283,24,15
32284,8,31
32285,16,31
32286,8,31
32287,0,12
32288,0,12
32289,0,12
32290,0,31
32291,13,8
32292,1,8
32293,24,31
32294,20,31
32295,18,12
32296,18,12
32297,8,12
32298,8,12
32299,9,12
32300,9,12
32303,14,12
32304,3,8
32305,27,8
32306,28,8
32307,28,8
32308,36,31
32309,6,31
32310,10,31
32311,3,31
32312,27,31
32313,13,8
32314,2,31
32315,2,31
32316,4,31
32317,24,31
32318,8,27
32319,6,27
32320,26,27
32321,12,31
32322,6,351
32323,24,31
32324,24,31
32325,32,31
32326,32,31
32327,3,12
32328,20,31
32329,30,31
32330,8,31
32331,8,31
32332,0,31
32333,0,31
32334,0,31
32335,0,12
32336,0,12
32337,0,12
32338,0,31
32343,12,31
32346,0,31
32354,15,8
32355,2,31
32356,2,31
32357,2,31
32367,2,31
32368,2,31
32376,2,31
32377,2,31
32380,2,31
32381,2,31
32389,2,31
32390,2,31
32392,2,31
32393,2,31
32394,2,31
32395,2,31
33001,2,8
33002,3,8
33003,4,8
33004,6,8
33005,1,63
33006,1,8
33007,1,8
33008,1,8
33009,1,8
33010,1,8
33011,2,0
33012,6,0
33013,1,0
33014,7,0
33015,5,0
33016,6,0
33017,3,8
33018,8,8
33019,10,8
33020,1,95
33021,1,93
33022,3,8
33023,4,8
33024,3,8
33025,2,12
33026,3,31
33027,20,31
33028,100,12
33029,2,12
33030,2,12
33031,10,12
33032,10,12
33033,10,31
25200,2,31
33034,1,11
33035,6,12
33036,6,8
33037,10,12
33038,20,63
33039,10,63
33040,20,12
33041,20,12
33042,20,12
33043,20,12
33044,2,12
33045,10,8
33046,4,8
33047,20,31
33048,20,31
33049,20,31
33050,20,31
33051,10,31
33052,100,31
33053,2,31
33054,5,31
33055,20,31
33056,50,95
33057,45,31
33058,45,31
33059,45,31
33060,45,31
33061,25,8
33062,50,95
33063,6,31
34002,1,95
34003,1,95
34004,1,328
34005,1,12
34006,1,12
34007,1,12
34008,1,95
34009,1,8
34010,2,8
34011,3,8
34012,4,8
34013,1,95
34014,5,351
34015,1,8
34016,1,8
34017,1,348
34018,1,348
34019,1,95
34020,1,348
34021,1,332
34022,1,332
34023,1,268
34024,6,351
34025,1,268
34026,1,351
34027,5,268
34028,1,351
34029,1,268
34030,1,287
34031,1,95
34032,1,95
34038,1,95
34039,1,95
34040,1,349
34041,1,349
34042,1,349
34043,4,95
34044,6,95
34045,1,95
34046,10,95
34047,5,95
34048,8,95
34049,7,95
34050,3,95
34051,9,95
34052,2,95
34053,1,95
34054,1,95
34055,3,95
34056,9,95
34057,9,95
34058,9,95
34059,9,351
34060,9,95
34061,9,351
34062,9,351
34063,9,351
34064,9,351
34065,9,351
34066,1,95
34067,1,8
34068,4,351
34069,3,351
34070,5,351
34071,1,12
34072,5,27
34073,6,349
34074,2,95
34075,1,95
34076,1,95
34077,1,95
34078,1,95
34079,3,95
34080,1,351
34081,9,72
34082,1,95
34083,1,351
34084,2,31
34085,1,287
34086,5,351
34087,3,12
34088,1,351
34089,20,351
34090,4,287
34091,8,287
34092,8,287
34093,8,287
34094,8,287
34095,8,287
34096,10,268
34097,13,268
34098,16,268
34099,4,268
34100,5,268
34101,6,268
34102,10,268
34103,10,268
34104,3,268
34105,10,268
34106,1,268
34107,10,268
34108,10,268
34109,10,268
34110,10,268
34111,10,268
34112,10,268
34113,10,268
34114,10,268
34115,10,268
34116,10,268
34117,1,268
34118,1,95
34119,5,268
34120,10,268
34121,20,268
34122,20,268
34123,10,268
34124,4,287
34125,10,287
34126,5,287
34127,1,95
34128,9,95
34129,1,95
34130,6,268
34131,10,351
34132,1,92
34133,1,348
34134,1,95
34135,1,95
34136,1,351
34137,10,268
34138,4,287
34139,10,287
34140,10,351
34141,1,351
34142,1,351
34143,10,351
34144,10,351
34145,1,351
34146,10,351
34147,10,351
34148,1,351
34149,1,351
34150,1,351
34151,1,351
34152,1,332
34153,1,351
34154,2,351
34155,1,332
34156,1,351
34157,1,12
34158,1,12
34159,1,351
34160,1,332
34161,1,268
34162,1,95
34163,1,268
34164,1,12
34165,1,95
34166,1,12
34167,1,268
34168,1,268
34169,1,268
34170,1,268
34171,1,268
34172,1,268
34173,10,268
34174,1,268
34175,1,12
34176,1,12
34177,1,12
34178,1,351
34179,1,268
34180,2,12
34181,1,268
34185,10,351
34186,10,351
34187,10,351
34188,10,351
34189,10,351
34190,10,351
34191,6,287
34192,1,268
34193,1,284
34194,1,268
34195,1,12
34196,1,268
34197,1,351
34198,1,268
34199,1,287
34200,1,268
34201,0,268
34202,0,268
34203,0,268
34204,0,268
34205,0,268
34206,0,268
34207,0,268
34208,0,268
34209,0,268
34210,0,268
34211,0,268
34212,0,268
34213,0,268
34214,0,268
34215,0,268
34216,0,268
34217,0,268
34218,0,268
34219,0,268
34220,0,268
34221,0,268
34222,0,268
34223,0,268
34224,0,268
34225,0,268
34226,0,268
34227,0,268
34228,1,268
34229,1,287
34230,1,8
34232,1,348
34233,1,268
34234,1,351
34235,1,351
34236,1,287
34237,1,268
34238,1,287
34239,1,287
34240,1,351
34241,1,351
34242,1,351
34243,1,287
34244,1,287
34245,1,287
34246,1,287
34247,1,287
34248,1,287
34249,1,287
34250,1,28
34251,1,12
34252,1,351
34253,1,351
34255,1,287
34256,1,95
34257,1,351
34258,1,351
34259,1,28
34260,1,287
34261,1,95
34262,1,351
34263,1,95
34264,1,287
34265,1,287
34266,1,351
34267,2,351
34268,1,287
34269,1,287
34270,1,287
34273,1,95
34274,1,351
34275,1,351
34281,1,31
34282,1,31
34283,1,31
34284,1,31
34285,1,31
34286,1,31
34288,1,351
34289,1,287
34290,2,351
34291,1,95
34293,1,351
34296,1,268
34297,1,268
34298,1,28
34299,1,28
34304,1,287
34305,1,287
34306,1,268
34308,1,287
34309,1,268
34310,0,287
34311,0,268
34322,1,351
34323,1,351
34324,1,95
34325,1,95
34326,1,287
34327,1,287
34328,1,287
34329,1,287
34330,1,31
34331,1,31
34332,1,31
34333,1,351
34334,1,351
34335,1,28
34336,1,28
34337,1,28
34338,1,28
34339,1,28
34340,1,28
34341,1,351
34343,1,351
34346,1,268
34349,1,268
34350,1,287
34351,1,268
34355,1,351
34357,1,351
34360,1,284
34361,1,268
34362,1,268
34363,1,351
34364,1,268
34365,1,268
34366,1,268
34367,1,268
34369,0,95
34373,1,268
34376,1,28
34377,1,28
34378,1,28
34379,1,351
34380,1,351
34385,1,268
34386,1,268
34387,1,268
34388,1,268
34389,1,351
34393,1,95
34399,1,28
34400,1,351
34401,1,351
34406,1,351
34411,1,12
34412,1,12
34414,1,351
34416,1,351
34417,1,12
34418,1,351
34419,9,351
34420,9,287
34421,1,287
34422,11,95
34423,6,95
34424,6,95
34425,6,95
34426,1,268
34427,1,287
34428,1,287
34429,9,351
34430,9,351
34431,9,351
34432,9,351
34433,9,351
34434,5,351
34436,9,351
34437,2,351
34438,2,287
34439,1,351
34440,4,287
34443,9,351
34444,9,351
34445,5,259
34446,3,259
34447,5,259
34448,3,259
34449,4,259
34450,2,259
34453,18,351
34454,18,287
34455,1,351
34457,10,268
34458,10,268
34459,10,268
34460,10,268
34461,10,351
34462,10,351
34463,10,351
34464,10,351
34477,5,287
34478,1,12
34479,1,12
34484,1,12
34486,1,287
34487,1,287
34496,1,268
34500,1,284
34503,18,351
34504,18,287
34506,1,287
34507,1,287
34508,1,287
34509,1,287
34510,1,287
34511,1,287
34512,1,287
34513,1,287
34514,10,287
34515,1,268
34516,1,268
34517,1,268
34518,1,351
34519,1,351
34520,1,351
34521,1,351
34522,1,351
34523,1,351
34524,1,351
34525,1,351
34526,1,351
34527,1,351
34528,1,351
34529,1,351
34530,1,351
34531,1,351
34532,1,351
34533,1,351
34534,1,351
34535,1,351
34536,1,95
34542,1,15
34547,1,351
34550,1,12
34556,1,287
34582,1,271
34583,1,271
34590,1,287
34604,1,287
34605,18,351
34606,18,287
34621,1,287
34631,1,268
34632,1,287
34633,1,287
34649,1,287
34660,1,287
34670,1,287
34678,1,287
34691,1,287
34704,1,287
34706,1,287
34707,1,284
34712,1,287
34732,1,287
34744,1,287
34760,1,287
34765,1,287
34778,1,287
34779,1,287
34784,1,287
34793,1,287
34809,1,287
34824,1,287
35000,1,268
35001,1,268
35002,1,268
35003,1,268
35004,1,268
35005,1,268
35006,1,268
35007,1,268
35008,1,268
35009,1,268
35010,1,268
35011,1,268
35012,1,268
35013,1,268
35014,1,268
35015,1,268
35016,1,268
35017,1,268
35018,1,268
35019,1,268
35020,1,268
35021,1,268
35022,1,268
35023,1,268
35100,1,268
35101,1,268
35102,1,268
35103,1,268
35104,1,268
35105,1,268
35106,1,268
35107,1,268
35108,1,268
35109,1,268
35110,1,268
35111,1,268
35112,1,268
35113,1,268
35114,1,268
35115,1,268
35116,1,287
35117,1,287
35118,1,287
35119,1,287
35120,1,287
35121,1,287
35122,1,287
35131,1,268
35132,1,268
35133,1,268
35134,1,268
35135,1,287
35136,1,287
35137,1,268
35138,1,268
35140,1,268
35141,1,268
35142,1,268
35143,1,268
35144,1,287
35145,1,287
35146,1,287
35147,1,287
35155,1,268
35156,1,268
35157,1,268
35158,1,268
35159,1,268
35160,1,268
35162,1,268
35163,1,268
35164,1,268
35165,1,287
35166,1,287
35167,1,287
35212,1,287
35235,1,268
35284,1,268
35305,1,287
35306,1,287
35307,1,287
35308,1,287
35309,1,287
35310,1,287
35311,1,287
35312,1,287
35313,1,287
35314,1,287
35315,1,287
35316,1,287
35317,1,287
35318,1,287
35319,1,287
35323,1,287
35325,1,287
35326,1,287
35327,1,287
35328,1,287
35329,1,287
35330,1,287
35331,1,287
35332,1,287
35333,1,287
35334,1,287
35335,1,287
35336,1,287
35337,1,287
35338,1,287
35339,1,287
35340,1,287
35341,1,287
35342,1,287
35343,1,287
35344,1,287
35345,1,287
35346,1,287
35347,1,287
35348,1,287
35349,1,287
35350,1,287
35351,1,287
35352,1,287
35353,1,287
35354,1,287
35356,1,287
35357,1,287
35358,1,287
35359,1,287
35360,1,287
35362,1,287
35363,1,287
35364,1,287
35365,1,287
35367,1,268
35368,1,268
35391,1,287
35403,1,268
35450,1,268
35451,1,268
35458,1,268
35459,1,287
35466,1,287
35467,1,268
35469,1,287
35470,1,287
35488,1,287
35498,1,287
35534,1,287
35540,1,268
35541,1,268
35542,1,287
35545,1,287
35555,1,287
35564,1,268
35566,1,268
35567,1,268
35568,1,287
35571,1,271
35572,1,268
35573,1,268
35580,1,287
35585,1,287
35587,1,268
35616,1,268
35617,1,268
35620,1,268
35621,1,268
35627,1,268
35631,1,268
35646,1,268
35651,1,268
35654,1,268
35656,1,268
35657,1,287
35658,1,287
35664,1,268
35672,1,268
35673,1,268
35674,1,287
35682,1,268
35684,1,287
35686,1,268
35687,1,268
35711,1,268
35720,1,287
35721,1,268
35723,1,268
35724,1,268
35727,1,287
35729,1,268
35731,1,268
35740,1,268
35742,1,268
35746,1,268
35747,1,268
35754,1,268
35755,1,268
35805,1,268
35813,1,268
35816,1,268
35830,1,268
35833,1,268
35849,1,268
35853,1,268
35864,1,268
35870,1,268
35885,1,268
35886,1,268
35887,1,268
35888,1,268
35889,1,268
35903,1,268
35910,1,268
35911,1,268
35914,1,268
35915,1,268
35923,1,268
35928,1,268
35930,1,268
35931,1,268
35951,1,268
35955,1,268
35956,1,268
35965,1,287
35970,1,268
35988,1,268
36001,1,126
36002,1,254
37001,1,72
37002,2,92
37003,2,72
37004,3,72
37005,2,72
37006,1,72
37007,1,72
37008,4,72
37009,4,72
37010,5,92
37011,2,72
37012,5,92
37013,5,72
37014,6,92
37015,6,92
37016,6,72
37018,6,92
37019,6,92
37021,6,92
37024,2,72
37025,2,72
37026,3,72
37027,2,92
37029,2,72
37030,3,72
37031,3,72
37032,2,72
37037,3,72
37038,2,72
37039,2,92
37040,2,72
37042,2,92
37043,1,72
37044,6,92
37048,3,72
37049,2,72
37050,3,72
37051,3,72
37053,3,92
37054,5,72
37055,3,72
37059,5,72
37061,2,72
37062,2,72
37063,6,72
37064,2,72
37065,7,72
37066,2,72
37070,2,92
37071,2,92
37075,6,72
37076,1,92
37077,2,72
37078,1,72
37079,1,72
37080,1,72
37081,2,72
37082,3,72
37083,2,72
37084,3,72
37085,1,72
37086,1,72
37087,4,72
37088,2,72
37089,1,72
37090,1,72
37091,1,92
37092,1,72
37093,1,72
37094,1,92
37095,1,72
37096,1,72
37097,1,92
37098,2,72
37099,2,72
37100,1,72
37101,5,72
37103,1,72
37104,1,72
37105,1,95
37108,4,92
37109,4,92
37110,4,72
37112,4,72
37115,2,72
37116,2,72
37117,2,72
37118,2,72
37119,2,72
37120,2,72
37121,2,72
37122,3,92
37123,2,72
37124,15,72
37125,3,92
37126,2,72
37127,1,72
37129,1,72
37130,1,72
37131,1,72
37132,1,72
37133,3,92
37134,3,92
37135,1,72
37136,1,72
37137,2,72
37138,2,72
37139,2,72
37140,2,72
37141,3,92
37142,2,72
37143,8,72
37144,2,92
37145,5,92
37146,3,72
37147,3,72
37148,12,92
37149,3,72
37153,2,72
37154,4,92
37155,2,72
37156,3,92
37157,6,92
37158,5,92
37159,9,92
37160,8,92
37161,10,72
37162,11,92
37163,12,92
37164,13,92
37165,14,92
37166,15,92
37167,16,72
37168,17,92
37170,20,92
37171,20,72
37172,21,92
37173,21,72
37174,21,92
37175,19,72
37176,22,92
37177,22,92
37178,6,92
37179,7,92
37180,6,72
37181,7,92
37183,6,72
37184,6,92
37185,6,92
37186,8,92
37187,7,92
37188,9,92
37189,9,92
37190,13,92
37191,11,92
37193,12,92
37194,12,92
37195,13,92
37196,13,92
37197,13,72
37198,13,92
37199,6,72
37200,1,92
37201,3,92
37202,5,92
37203,6,92
37204,1,72
37205,1,72
37206,1,92
37207,1,72
37208,1,72
37209,1,72
37210,1,92
37211,2,72
37212,8,92
37213,2,72
37214,2,72
37215,2,72
37216,2,72
37217,2,72
37218,2,92
37219,7,8
37220,8,8
37221,10,8
37222,12,8
37223,7,8
37224,8,8
37225,9,8
37226,10,8
37227,12,8
37228,13,8
37229,16,8
37230,17,8
37231,14,8
37232,21,8
37233,14,8
37234,5,8
37235,8,8
37236,10,8
37237,16,8
37238,10,8
37239,21,8
37240,25,8
37241,1,8
37242,2,72
37243,2,72
37244,3,72
37245,3,72
37246,5,8
37247,0,8
37248,11,8
37249,10,8
37250,1,8
37251,1,8
37252,2,8
37253,6,8
37254,1,8
37255,8,92
37256,1,8
37257,1,76
37258,5,92
38001,1,92
38003,3,92
38004,1,72
38007,1,92
38009,3,92
38010,1,92
38011,2,92
38013,2,92
38014,2,92
38015,2,92
38017,1,92
38018,1,92
38019,2,92
38020,2,92
38021,2,92
38022,1,92
38023,3,92
38024,3,92
38025,1,92
38026,1,92
38027,3,92
38028,3,92
38029,4,92
38030,1,92
38031,1,72
38035,1,72
38036,1,72
38037,1,72
38040,1,72
38044,1,92
38045,3,92
38046,3,92
38048,2,92
38049,2,94
38052,1,92
38053,4,92
38054,1,72
38055,1,94
38057,1,92
38058,1,72
38059,1,94
38060,1,92
39001,5,92
39002,8,92
39003,6,92
39004,4,92
39005,10,92
39006,11,92
39007,7,92
39008,8,92
39009,9,92
39010,10,92
39011,11,92
39012,12,92
39013,13,92
39014,30,92
39015,20,92
39016,16,92
39017,17,92
39018,18,92
39019,19,92
39020,18,92
39021,20,92
39022,9,92
39023,23,92
39024,12,92
39025,13,92
39030,5,92
39031,27,92
39032,28,92
39033,26,92
39034,26,92
39035,26,92
39036,26,92
39037,26,92
39038,26,92
39039,26,92
39040,26,92
39041,25,92
39042,25,92
39043,25,92
39044,25,92
39045,8,92
39046,10,92
39047,6,72
39048,5,72
39049,7,92
39050,20,92
39051,15,92
39052,5,92
39053,20,92
39054,20,92
39055,20,92
39056,15,92
39057,26,92
39058,25,92
39059,10,92
39060,21,92
39061,20,92
39062,26,92
39063,26,92
39064,25,92
39065,26,92
39066,25,92
39067,1,92
39068,1,92
39069,26,92
39070,10,92
39071,5,92
39072,5,92
39073,3,92
39074,7,92
39075,1,92
39076,20,92
39077,1,92
39078,3,92
39079,3,92
39080,3,92
39081,3,92
39082,2,92
39083,3,92
39084,3,92
39085,3,92
39086,3,92
39087,10,92
39088,3,92
39089,3,92
39090,3,92
39091,5,92
39092,3,92
39093,3,92
39094,3,92
39095,3,92
39096,25,92
39097,7,95
39098,2,92
39099,1,92
39100,3,92
39101,3,92
39102,3,92
39103,3,92
39104,3,92
39105,3,92
39106,3,92
39107,2,95
39108,2,95
39109,3,95
39110,10,92
39111,2,254
39112,4,92
39113,18,92
39114,20,92
39115,8,92
39116,2,92
39117,25,92
39118,25,92
39119,25,92
39120,2,92
39121,3,92
39122,3,92
39123,2,92
39124,14,92
39125,3,92
39126,2,92
39127,26,92
39128,25,92
39129,26,92
39130,25,92
39131,1,92
39132,18,92
39133,2,92
39134,28,92
39135,26,92
39136,25,92
39137,26,92
39138,25,92
39139,26,92
39140,25,92
39141,26,92
39142,25,92
39143,26,92
39144,25,92
39145,20,92
39146,5,92
39147,5,92
39148,5,92
39149,5,92
39150,2,92
39151,2,92
39152,5,92
39153,4,92
39154,4,92
39155,12,92
39156,12,92
39157,20,92
39158,20,92
39159,10,92
39168,26,92
39169,25,92
39170,26,92
39171,25,92
39172,2,92
39173,26,92
39174,25,92
39175,26,92
39176,25,92
39177,5,92
39178,5,92
39179,20,92
39180,26,92
39181,25,92
39182,5,92
39183,5,92
39184,5,92
39185,5,92
39186,5,92
39187,5,92
39188,20,92
39189,26,92
39190,26,92
39191,26,92
39192,26,92
39193,25,92
39194,26,92
39195,25,92
39196,26,92
39197,25,92
39198,26,92
39199,25,92
39212,26,92
39213,25,92
39214,26,92
39216,10,92
39217,20,92
39218,20,92
39219,20,92
39220,3,92
39221,10,92
39222,10,92
39223,25,92
39224,25,92
39243,25,92
39244,20,92
39245,5,92
39246,5,92
39247,5,92
39248,5,92
39249,5,92
39250,6,92
39251,6,92
39252,6,92
39253,6,92
39254,18,92
39255,24,92
39256,20,92
39257,8,92
39258,16,92
39259,12,92
39260,3,92
39261,6,72
39262,3,92
39263,25,92
39264,25,92
39265,6,72
39266,15,92
39267,10,92
39271,24,92
39272,20,92
39273,4,92
39274,12,92
39275,2,92
39277,25,92
39278,20,95
39279,18,95
39280,24,95
39281,20,95
39282,18,95
39284,10,92
39285,20,92
39286,25,92
39287,10,92
39289,10,76
39290,25,92
39291,10,76
39292,15,76
39293,18,92
39294,25,76
39295,18,92
39296,12,92
39297,18,92
39301,18,76
39310,25,92
39311,25,92
39312,25,92
39313,25,92
39314,25,92
39315,25,92
39316,25,92
39317,25,92
39318,25,92
39319,25,92
39320,25,92
39321,25,92
39323,26,92
39324,26,92
39326,25,92
39327,25,92
39330,26,92
39331,26,92
39335,25,92
39336,25,92
39337,25,92
39338,25,92
39339,26,92
39341,25,92
39342,25,92
39343,18,92
39344,25,92
39345,25,92
39346,25,95
39347,25,95
39348,25,95
39349,25,95
39350,25,95
39351,25,95
39352,25,95
39353,25,95
39354,25,95
39355,25,95
39356,25,95
39357,25,95
39358,25,95
39359,25,95
39360,25,95
39361,25,95
39362,25,95
39363,25,95
39370,25,92
39371,25,92
39372,25,92
39373,25,92
39374,25,92
39375,25,92
39384,25,95
39385,25,95
39386,25,95
39387,25,95
39388,25,95
39389,25,95
39390,25,95
39394,25,95
39395,25,95
39396,25,95
39397,25,95
39398,25,95
39399,25,95
39400,25,92
39401,25,92
39402,25,92
39403,25,92
39405,25,92
39406,25,92
39407,25,92
39408,25,92
39409,25,92
39427,25,95
39428,25,95
39429,25,95
39430,25,95
39436,25,92
39437,25,92
39438,25,92
39439,25,92
39440,25,92
39441,25,92
39442,25,92
39443,25,92
39444,25,92
39445,25,92
39446,25,92
39447,25,92
39450,25,92
39451,25,92
39452,25,92
39453,25,92
39454,25,92
39455,25,92
39456,25,92
39457,25,92
39458,20,92
39459,25,92
39460,25,92
39461,25,92
39462,25,92
39463,25,92
39464,25,92
39465,25,92
39466,25,92
39467,25,92
39468,25,92
39476,25,92
39477,25,92
39478,25,92
39479,25,92
39480,25,92
39481,25,92
39482,25,92
39483,25,92
39484,25,92
39485,25,92
39486,25,92
39487,25,92
39488,25,92
39489,25,92
39490,25,92
39491,25,92
39492,25,92
39493,25,92
39494,25,92
39495,25,92
39496,25,92
39497,9,92
39498,25,92
39499,25,92
39500,25,92
39501,25,92
39502,25,92
39503,25,92
39504,25,92
39505,25,92
39506,25,92
39507,25,92
39508,25,92
39522,25,92
39523,25,92
39524,25,92
39525,25,92
39526,25,92
39527,25,92
39528,25,92
39529,25,92
39530,25,92
39540,25,92
39541,25,92
39542,25,92
39543,25,92
39544,25,92
39545,25,92
39546,25,92
39547,25,92
39548,25,92
39549,25,92
39550,25,92
39551,25,92
39552,25,92
39553,25,92
39554,25,92
39555,25,92
39556,25,92
39557,25,92
39558,25,92
39559,25,92
39560,25,92
39561,25,92
39562,25,92
39563,25,92
39569,25,92
39570,25,92
39571,25,92
39572,25,92
39573,25,92
39574,25,92
39575,25,92
39576,25,92
39577,25,92
39578,25,92
39579,25,92
39580,25,92
39581,25,92
39582,25,92
39583,25,92
39584,25,92
39585,25,92
39586,25,92
39587,25,92
39588,25,92
39589,25,92
39590,25,92
39591,25,92
39592,25,92
39593,25,92
39594,25,92
39595,25,92
39596,25,92
39601,25,92
39617,25,92
39631,25,92
39632,25,92
39684,25,92
39685,25,92
39686,25,92
39687,25,92
39688,25,92
39689,25,92
39690,25,92
39714,25,92
39715,25,92
39716,25,92
39717,25,92
39718,25,92
39720,25,92
39721,25,92
39741,25,92
39742,25,92
39743,25,92
39744,25,92
39745,25,92
39746,25,92
39747,25,92
39748,25,92
39749,25,92
39750,25,92
39751,25,92
39752,25,92
39753,25,92
39754,25,92
39755,25,92
39756,25,92
39757,25,92
39758,25,92
39759,25,92
39760,25,92
39761,25,92
39762,25,92
39763,25,92
39764,26,92
39793,25,92
39809,20,95
40001,1,0
40002,1,0
40003,1,0
40004,1,0
40005,1,0
40006,1,0
40007,1,0
40008,1,0
40009,1,0
40010,1,0
40011,2,0
40012,2,0
40013,2,0
40014,2,0
40015,2,0
40016,2,0
40017,2,0
40018,2,0
40019,2,0
40020,2,0
40021,1,0
40022,1,0
40023,3,0
40024,2,0
40025,4,0
40026,4,0
40027,6,0
40028,2,0
40029,10,0
40030,2,0
40031,2,0
40032,14,0
40033,2,0
40034,10,0
40035,2,0
40036,14,0
40037,10,0
40038,14,0
40039,18,8
40040,18,8
40041,18,8
40042,6,0
40043,6,0
41001,11,0
41002,12,0
41003,8,0
41004,12,0
41005,1,0
41006,1,0
41007,1,0
41008,1,8
41009,2,0
41010,3,0
41011,2,0
41012,2,0
41013,2,0
41014,2,0
41015,3,0
41016,4,0
41017,2,0
41018,2,0
41019,2,0
41020,2,0
41021,2,0
41022,3,0
41023,3,0
41024,3,0
41025,3,0
41026,3,0
41027,4,0
41028,4,0
41029,4,0
41030,4,0
41032,4,0
41033,2,0
41034,5,0
41035,4,0
41036,3,0
41037,3,0
41038,4,0
41039,5,0
41040,4,0
41041,4,0
41042,3,0
41043,2,0
41044,3,0
41045,5,0
41046,5,0
41047,3,0
41048,1,0
41049,3,0
41050,2,0
41051,3,0
41052,5,0
41053,4,0
41054,2,0
41055,1,0
41056,6,0
41057,2,0
41058,3,0
41059,4,0
41060,2,0
41061,3,0
41062,7,0
41063,1,0
41064,7,0
41065,7,0
41066,3,0
41067,7,0
41068,7,0
41069,7,0
41070,6,0
41071,7,0
41072,1,0
41073,1,0
41074,1,0
41075,1,0
41076,1,0
41077,2,0
41078,2,0
41079,8,0
41080,7,0
41081,8,0
41082,9,0
41083,9,0
41084,8,0
41085,9,0
41086,9,0
41087,9,0
41088,9,0
41089,9,0
41090,2,0
41091,2,16
41092,2,16
41093,1,16
41094,3,16
41095,4,16
41096,5,16
41097,6,16
41098,7,16
41099,8,16
41100,4,16
41101,5,16
41102,6,16
41103,5,16
41104,1,16
41105,5,16
41106,5,0
41107,5,0
41108,8,0
41109,7,0
41110,7,0
41111,7,0
41112,4,0
41113,13,0
41114,14,0
41115,3,8
41116,10,0
41117,11,0
41118,11,0
41119,12,0
41120,12,0
41121,3,0
41122,5,0
41123,3,0
41124,2,0
41125,3,0
41126,3,0
41127,5,0
41128,1,0
41129,2,0
41130,3,0
41131,2,0
41132,2,0
41133,2,0
41134,2,0
41135,1,0
41136,2,0
41137,2,0
41138,3,0
41139,6,0
41140,15,31
41141,10,31
41142,5,8
41143,5,8
41144,5,8
41145,5,8
41146,20,8
41147,20,8
41148,4,1055
41149,4,1055
41150,2,1055
41151,3,1055
41152,5,1055
41153,3,1055
41154,5,1055
41155,2,1055
42001,11,0
42002,12,0
42003,13,0
42004,14,0
42005,8,0
42006,9,0
42007,10,0
42008,1,0
42009,2,0
42010,3,0
42011,4,0
42012,5,0
42013,6,0
42014,3,0
42015,4,0
42016,5,0
42017,6,0
42018,7,0
42019,8,0
42020,4,0
42021,5,0
42022,6,0
42023,7,0
42024,2,0
42025,3,0
42026,4,0
42027,5,0
42028,2,0
42029,3,0
42030,4,0
42031,5,0
42032,6,0
42033,3,0
42034,4,0
42035,5,0
42036,6,0
42037,7,0
42038,1,0
42039,2,0
42040,3,0
42041,4,0
42042,6,0
42043,2,0
42044,5,0
42045,5,0
42047,5,0
42048,5,0
42049,5,0
42050,5,0
42051,5,0
42052,10,0
42053,5,0
42054,9,0
42055,10,0
42056,5,0
42057,10,0
42058,5,0
42059,1,0
42060,6,0
42061,14,0
42062,16,0
42063,25,0
42064,1,8
42065,6,8
42066,6,0
42067,10,0
42068,14,0
42069,14,0
42070,12,0
42071,10,0
42072,14,0
42073,12,0
42074,8,8
42075,18,8
42076,18,8
42077,18,8
42078,18,8
42079,18,8
42080,18,8
42081,18,8
42082,18,8
43001,1,0
43002,2,0
43003,3,0
43004,4,0
43006,5,0
43007,6,0
43008,7,0
43009,9,0
43010,13,0
43011,18,8
44001,1,0
44002,2,0
44003,2,0
44004,2,0
44005,2,0
44006,2,0
44007,3,0
45001,1,0
45002,2,0
45003,1,0
45004,2,0
45005,1,0
45006,3,0
45007,2,0
45008,4,0
45009,6,0
45010,10,0
45011,14,0
45012,18,8
46001,1,0
46002,1,0
46003,1,0
46004,10,92
46005,1,0
46006,1,0
46007,1,0
46008,1,0
46009,1,0
46010,6,0
46011,6,0
46012,6,0
46013,6,0
46014,1,0
46015,1,0
46016,1,0
46017,1,0
46022,2,0
46023,2,0
46024,2,0
46025,2,0
46026,3,0
46027,3,0
46028,3,0
46029,5,0
46030,3,0
46031,3,0
46032,3,0
46033,3,0
46034,3,0
46035,4,0
46036,4,0
46037,4,0
46038,4,0
46039,4,0
46040,4,0
46041,6,0
46042,6,0
46043,6,0
46044,6,0
46045,10,0
46046,14,0
46047,2,0
46048,10,0
46049,14,0
46050,1,0
46051,10,0
46052,14,0
46177,14,0
46054,1,0
46055,18,8
46056,1,0
46057,18,8
46058,1,0
46059,3,0
46060,18,8
46061,8,0
46062,2,0
46063,9,0
46064,2,0
46065,9,0
46066,1,0
46067,9,0
46068,5,0
46069,16,0
46070,16,0
46071,20,0
46072,16,0
46073,16,0
46074,1,0
46075,1,0
46076,1,0
46077,8,0
46078,6,0
46079,5,0
46080,5,0
46081,20,0
46082,5,0
46083,4,0
46084,5,0
46085,3,0
46086,6,0
46087,6,0
46088,6,0
46089,6,0
46090,1,0
46091,1,0
46092,1,0
46093,5,0
46094,1,0
46095,1,0
46096,2,0
46097,1,0
46098,1,0
46099,1,0
46100,1,0
46101,1,0
46102,6,0
46103,6,0
46104,6,0
46105,6,0
46106,4,0
46107,5,0
46108,1,0
46109,1,0
46110,1,0
46111,1,0
46112,6,0
46113,1,0
46114,1,0
46115,1,0
46116,1,0
46117,1,0
46118,1,0
46119,1,0
46121,1,0
46122,1,0
46123,2,0
46124,4,0
46125,2,0
46126,1,0
46127,1,0
46128,2,0
46129,1,0
46130,1,0
46131,2,0
46132,6,0
46133,5,0
46134,5,0
46135,6,0
46136,1,0
46137,2,0
46138,1,0
46139,5,0
46140,6,0
46141,2,0
46142,2,0
46143,1,0
46144,2,0
46145,2,0
46146,2,0
46147,2,0
46148,1,0
46149,10,0
46150,4,0
46151,7,0
46152,7,0
46153,1,0
46154,9,0
46155,1,0
46156,5,0
46157,6,0
46158,7,0
46159,9,0
46160,6,0
46161,8,0
46162,7,0
46163,8,0
46164,7,0
46165,1,8
46166,4,0
46167,2,0
46168,6,0
47001,1,0
47003,7,0
47004,4,0
47005,5,0
47006,3,0
47007,2,0
47009,6,28
47010,7,72
47011,7,72
47012,9,72
47013,6,72
47014,4,0
47015,6,0
47016,10,0
47017,14,0
47018,18,8
48001,4,124
48002,7,124
48003,1,124
48004,6,124
48005,3,124
48006,5,124
48007,7,124
48008,3,124
48009,8,124
48010,2,124
48011,8,124
48012,6,124
48013,9,124
48014,8,124
48015,7,124
48016,5,254
48017,11,124
48018,10,124
48019,4,92
48020,7,92
48022,6,92
48023,3,92
48024,5,92
48025,7,92
48027,8,92
48029,8,92
48030,6,92
48031,9,92
48032,8,92
48033,11,92
48034,10,92
48035,4,124
48036,4,92
48037,7,124
48038,7,92
48039,7,124
48040,7,92
48041,7,124
48042,7,92
48044,7,127
48048,7,127
48049,7,127
48050,7,127
48051,7,127
48052,7,127
48053,7,127
48055,8,127
48056,8,127
48057,8,127
48058,7,127
48061,7,127
48062,7,127
48063,7,127
48064,7,95
48065,7,127
48066,7,95
48068,8,127
48069,8,127
48070,8,127
48071,7,127
48072,7,127
48073,7,127
48075,8,127
48076,8,127
48077,8,127
48078,8,127
48079,8,127
48080,8,127
48081,9,127
48082,7,127
48083,7,127
48086,9,127
48087,7,127
48088,7,127
48089,7,127
48090,7,127
48091,9,127
48092,9,127
48095,9,127
48094,9,127
48097,8,127
48099,8,127
48100,8,127
48101,8,127
48104,7,127
48105,9,127
48106,9,127
48108,9,127
48109,9,127
48115,7,127
48118,9,127
48119,9,127
48120,9,127
48121,9,127
48122,7,127
49001,1,92
49002,1,92
49003,1,96
49004,1,92
49005,1,92
50000,0,268
50001,0,287
50002,0,287
50007,0,268
50008,0,268
50009,0,268
50010,0,268
50011,0,287
50012,0,287
50013,0,268
50014,0,287
50015,0,268
50016,0,268
50017,0,268
50018,0,268
50019,0,268
50020,0,287
50021,0,268
50022,0,268
50023,0,268
50024,0,268
50025,0,268
50026,0,268
50027,0,268
50028,0,268
50029,0,268
50030,0,268
50031,0,268
50032,0,268
50033,0,268
50034,0,268
50035,0,268
50036,0,268
50037,0,268
50038,0,268
50039,0,268
50040,0,268
50041,0,268
50042,0,268
50043,0,268
50044,0,268
50045,0,268
50046,0,268
50047,0,268
50048,0,268
50049,0,268
50050,0,287
50051,0,268
50052,0,268
50053,0,287
50054,0,287
50055,0,287
50056,0,287
50061,0,287
50062,0,268
50074,0,268
50079,0,268
50084,0,268
50088,0,268
50100,0,287
50101,0,287
50104,0,268
50115,0,268
50117,0,268
50139,0,268
50201,0,268
50211,0,268
50213,0,268
50227,0,268
50258,0,268
50310,0,268
50327,0,287
50393,0,268
50394,0,268
50395,0,268
50402,0,287
50404,0,268
50405,0,268
50406,0,268
50410,0,268
50411,0,268
50437,0,268
50438,0,268
50481,0,287
50497,0,268
50505,0,268
50516,0,268
50534,0,268
50559,0,268
50602,0,268
50625,0,268
50633,0,268
50641,0,268
50682,0,268
50693,0,268
50702,0,268
50705,0,268
50706,0,268
50707,0,268
50711,0,268
50716,0,268
50718,0,268
50724,0,268
50727,0,268
50730,0,268
50740,0,268
50743,0,268
50758,0,268
50766,0,268
50776,0,268
50789,0,268
50799,0,268
50800,0,268
50804,0,268
50811,0,268
50817,0,268
50823,0,268
50828,0,268
50831,0,268
50839,0,268
50848,0,268
50856,0,268
50860,0,268
50869,0,268
50876,0,268
50884,0,268
50888,0,268
50897,0,268
50904,0,268
50908,0,268
50915,0,268
50918,0,268
50926,0,268
50934,0,268
50938,0,268
50943,0,268
50944,0,268
50945,0,268
50946,0,268
50947,0,268
50953,0,268
50962,0,268
50969,0,268
50970,0,268
50971,0,268
50975,0,268
50981,0,268
50987,0,268
50992,0,268
50993,0,268
50994,0,268
51001,0,268
51003,0,268
51009,0,268
51019,0,268
51030,0,268
51031,0,268
51032,0,268
51033,0,268
51049,0,268
51050,0,268
51058,0,268
51070,0,268
51075,0,287
51077,0,268
51083,0,268
51096,0,268
51100,0,268
51114,0,268
51133,0,268
51142,0,268
51148,0,268
51153,0,268
51162,0,268
51163,0,268
51174,0,268
51181,0,268
51182,0,268
51184,0,268
51192,0,268
51202,0,268
51203,0,268
51204,0,268
51215,0,271
51216,0,271
51219,0,268
51231,0,268
51232,0,268
51233,0,268
51236,0,268
51246,0,268
51251,0,268
51260,0,268
51267,0,268
51268,0,268
51283,0,268
51284,0,268
51292,0,268
51296,0,268
51301,0,268
51307,0,268
51333,0,268
51343,0,268
51351,0,268
51354,0,268
51359,0,271
51368,0,268
51371,0,268
51374,0,268
51376,0,268
51379,0,268
51381,0,268
51382,0,268
51392,0,268
51396,0,268
51401,0,268
51409,0,268
51413,0,268
51435,0,268
51440,0,268
51441,0,268
51462,0,268
51469,0,268
51479,0,268
51483,0,268
51502,0,268
51510,0,268
51511,0,268
51512,0,268
51528,0,268
51541,0,268
51542,0,268
51546,0,268
51554,0,268
51560,0,268
51561,0,287
51563,0,268
51576,0,268
51577,0,268
51589,0,268
51593,0,268
51602,0,268
51609,0,268
51612,0,268
51613,0,268
51617,0,268
51633,0,268
51638,0,268
51648,0,268
51649,0,268
51658,0,268
51666,0,268
51692,0,268
51700,0,268
51702,0,271
51709,0,268
51712,0,268
51714,0,268
51723,0,268
51726,0,268
51731,0,268
51749,0,268
51752,0,287
51761,0,268
51768,0,268
51773,0,268
51782,0,268
55000,1,0
55001,1,268
55002,1,287
55003,1,287
55004,1,287
55005,1,268
55006,1,268
55007,1,287
55014,1,287
55027,1,287
55028,1,287
55029,1,287
55030,1,287
55037,1,287
55045,1,287
55046,1,287
55047,1,287
55049,1,287
55050,1,287
55067,1,287
55068,1,287
55069,1,287
55070,1,287
55073,1,268
55074,1,268
55075,1,287
55077,1,284
55078,1,284
55079,1,284
55080,1,268
55083,1,284
55084,1,287
55086,1,284
55087,1,287
55089,1,287
55092,1,287
55103,1,287
55106,1,287
55107,1,287
55108,1,287
55109,1,268
55110,1,287
55111,1,287
55113,1,287
55114,1,287
55115,1,287
55116,1,287
55117,1,287
55118,1,287
55119,1,287
55120,1,268
55121,1,268
55122,1,287
55123,1,287
55124,1,287
55125,1,287
55126,1,287
55127,1,268
55128,1,287
55134,1,268
55143,1,268
55149,1,287
55150,1,287
55152,1,287
55153,1,268
55154,1,268
55155,1,287
55156,1,287
55157,1,287
55159,1,287
55160,1,268
55161,1,268
55162,1,268
55163,1,268
55164,1,268
55173,1,268
55176,1,268
55197,1,287
55198,1,268
55227,1,268
55272,1,268
55352,1,287
55490,1,287
55491,1,287
55559,1,287
55568,1,287
55569,1,287
55610,1,287
55613,1,287
55614,1,287
55615,1,287
55616,1,287
55617,1,287
55618,1,287
55619,1,287
55634,1,287
55635,1,287
55642,1,268
55643,1,287
55644,1,287
55645,1,287
55646,1,287
55647,1,287
55648,1,287
55649,1,287
55650,1,287
55651,1,287
55652,1,287
55655,1,287
55656,1,268
55657,1,268
55660,1,287
55664,1,287
55669,1,287
55670,1,287
55675,1,287
55676,1,287
55677,1,287
55678,1,287
55679,1,287
55680,1,287
55681,1,287
55682,1,287
55683,1,287
55684,1,287
55689,1,268
55690,1,268
55691,1,268
55692,1,268
55693,1,268
55694,1,268
55699,1,287
55700,1,287
55701,1,287
55711,1,287
55712,1,268
55720,1,268
55781,1,287
55782,1,268
55784,1,268
55811,1,268
55817,1,287
55822,1,268
55823,1,268
55829,1,268
55834,1,268
55835,1,268
55836,1,268
55841,1,268
55842,1,268
55843,1,268
55853,1,268
55854,1,268
55855,1,287
55857,1,268
55866,1,268
55867,1,268
55870,1,268
55871,1,268
55872,1,268
55873,1,287
55874,1,287
55881,1,268
55882,1,268
55901,1,287
55902,1,268
55903,1,268
55904,1,287
55905,1,287
55916,1,268
55917,1,268
55918,1,268
55919,1,287
55934,1,268
55935,1,268
55936,1,268
55937,1,287
55940,1,268
55970,1,287
55971,1,268
55972,1,268
55973,1,268
55988,1,268
55989,1,268
55990,1,268
56005,1,268
56006,1,268
56007,1,268
56014,1,268
56015,1,268
56016,1,268
56017,1,268
56018,1,268
56019,1,287
56024,1,287
56025,1,268
56026,1,268
56027,1,287
56057,1,268
56058,1,268
56059,1,268
56067,1,268
56068,1,268
56069,1,268
56070,1,287
56082,1,268
56083,1,268
56084,1,268
56115,1,268
56116,1,268
56117,1,287
56127,1,268
56128,1,268
56129,1,268
56137,1,268
56138,1,268
56139,1,268
56140,1,287
56152,1,268
56155,1,268
56156,1,268
56157,1,287
56164,1,268
56165,1,268
56174,1,268
56175,1,268
56176,1,287
56177,1,268
56178,1,268
56188,1,268
56189,1,268
56190,1,287
56194,1,268
56195,1,268
56210,1,268
56211,1,268
56212,1,287
56219,1,268
56220,1,268
56222,1,287
56223,1,287
56228,1,268
56229,1,268
56230,1,287
56232,1,268
56239,1,268
56240,1,287
56241,1,268
56242,1,268
56248,1,268
56249,1,287
56253,1,268
56254,1,268
56266,1,268
56267,1,268
56268,1,287
56271,1,268
56272,1,268
56276,1,268
56277,1,268
56278,1,287
56289,1,268
56290,1,268
56291,1,287
56292,1,287
56293,1,287
56294,1,287
56295,1,287
56296,1,268
56297,1,268
56298,1,287
56306,1,268
56307,1,268
56310,1,287
56311,1,268
56312,1,268
56313,1,287
56318,1,268
56319,1,268
56324,1,268
56325,1,268
56326,1,287
56331,1,268
56332,1,268
56339,1,268
56340,1,268
56341,1,287
56343,1,268
56344,1,268
56349,1,268
56350,1,287
56355,1,268
56372,1,268
56373,1,268
56374,1,287
56375,1,287
56383,1,268
56386,1,268
56387,1,268
56388,1,287
56394,1,268
56399,1,268
56400,1,287
56407,1,268
56408,1,268
56417,1,268
56418,1,287
56424,1,268
56428,1,287
56429,1,287
56430,1,287
56431,1,268
56432,1,268
56433,1,287
56444,1,268
56445,1,268
56450,1,268
56451,1,287
56454,1,268
56458,1,268
56476,1,287
56477,1,268
56478,1,268
56479,1,268
56480,1,287
56485,1,268
56486,1,287
56487,1,287
56491,1,268
56494,1,268
56495,1,287
56503,1,268
56506,1,268
56507,1,287
56513,1,268
56521,1,268
56522,1,287
56526,1,268
56529,1,268
56530,1,287
56532,1,287
56533,1,268
56535,1,268
56536,1,287
56545,1,268
56552,1,268
56553,1,287
56554,1,268
56566,1,287
56567,1,268
56573,1,268
56576,1,268
56577,1,268
56582,1,287
56583,1,287
56586,1,268
56588,1,268
56589,1,287
56605,1,268
56606,1,268
56607,1,287
56611,1,268
56616,1,268
56617,1,287
56619,1,268
56634,1,268
56635,1,287
56637,1,268
56647,1,268
56648,1,287
56652,1,268
56655,1,268
56656,1,287
56658,1,268
56669,1,287
56670,1,268
56671,1,287
56677,1,268
56681,1,268
56682,1,287
56683,1,268
56687,1,268
56688,1,287
56690,1,268
56691,1,268
56692,1,287
56695,1,268
56704,1,268
56705,1,287
56714,1,268
56715,1,268
56716,1,287
56720,1,268
56724,1,268
56725,1,287
56727,1,268
56729,1,268
56739,1,268
56740,1,287
56742,1,287
56748,1,268
56757,1,268
56758,1,287
56762,1,268
56771,1,268
56772,1,287
56776,1,268
56777,1,287
56783,1,268
56789,1,268
56790,1,287
56794,1,268
56800,1,268
56801,1,287
56802,1,268
56809,1,268
56810,1,287
56813,1,268
56814,1,268
56815,1,287
56817,1,268
56835,1,268
56836,1,287
56838,1,268
56841,1,268
56842,1,287
56848,1,268
56852,1,268
56853,1,287
56855,1,268
56861,1,268
56862,1,287
56867,1,268
56874,1,268
56875,1,287
56876,1,268
56877,1,268
56878,1,287
56883,1,287
56897,1,268
56902,1,268
56903,1,287
56914,1,268
56916,1,268
56917,1,287
56922,1,268
56930,1,268
56931,1,287
56935,1,268
56941,1,268
56942,1,287
56946,1,268
56949,1,268
56950,1,287
56959,1,268
56963,1,268
56964,1,287
56970,1,268
56971,1,268
56972,1,287
56979,1,287
56982,1,268
56992,1,268
56993,1,268
56994,1,287
57006,1,268
57008,1,268
57009,1,287
57015,1,268
57016,1,268
57027,1,268
57028,1,287
57031,1,268
57037,1,268
57038,1,287
57042,1,268
57045,1,268
57046,1,287
57047,1,268
57049,1,268
57061,1,268
57063,1,268
57064,1,287
57066,1,268
57078,1,268
57079,1,268
57080,1,287
57081,1,268
57086,1,268
57102,1,268
57103,1,287
57114,1,268
57117,1,268
57118,1,287
57119,1,268
57129,1,268
57130,1,287
57136,1,268
57142,1,268
57143,1,287
57146,1,268
57157,1,268
57158,1,287
57159,1,268
57160,1,268
57165,1,268
57167,1,268
57168,1,287
57182,1,268
57185,1,268
57186,1,287
57189,1,268
57191,1,268
57192,1,287
57199,1,268
57205,1,268
57206,1,287
57213,1,268
57234,1,268
57235,1,287
57238,1,268
57243,1,268
57244,1,287
57250,1,268
57251,1,268
57252,1,287
57253,1,268
57258,1,268
57259,1,287
57260,1,268
57265,1,268
57266,1,287
57267,1,268
57299,1,268
57300,1,268
57301,1,268
57312,1,268
57313,1,287
57314,1,268
57317,1,271
57322,1,268
57323,1,287
57324,1,268
57330,1,287
57331,1,268
57332,1,268
57341,1,268
57342,1,287
57349,1,268
57353,1,268
57354,1,287
57355,1,268
57356,1,268
57362,1,268
57363,1,287
57364,1,268
57386,1,268
57387,1,287
57388,1,268
57394,1,268
57395,1,287
57396,1,268
57405,1,268
57406,1,268
57407,1,287
57408,1,268
57415,1,268
57416,1,287
57417,1,287
57418,1,268
57419,1,268
57420,1,287
57434,1,268
57435,1,268
57436,1,268
57437,1,287
57438,1,268
57461,1,287
57462,1,268
57465,1,268
57466,1,287
57467,1,268
57473,1,268
57474,1,287
57479,1,268
57480,1,287
57505,1,268
57506,1,268
57507,1,287
57508,1,268
57519,1,287
57520,1,268
57521,1,268
57522,1,287
57531,1,268
57532,1,268
57533,1,287
57546,1,268
57547,1,268
57548,1,287
57570,1,268
57571,1,268
57572,1,287
57573,1,268
57574,1,268
57575,1,268
57576,1,268
57579,1,268
57580,1,268
57581,1,287
57593,1,268
57594,1,268
57595,1,287
57602,1,268
57603,1,268
57604,1,287
57606,1,268
57607,1,268
57608,1,287
57609,1,271
57622,1,268
57623,1,268
57624,1,287
57625,1,268
57626,1,268
57627,1,287
57651,1,268
57652,1,287
57653,1,268
57662,1,287
57663,1,268
57664,1,287
57670,1,287
57676,1,271
57677,1,268
57678,1,268
57679,1,287
57681,1,268
57682,1,287
57683,1,268
57702,1,287
57714,1,268
57715,1,287
57716,1,268
57717,1,287
57718,1,268
57722,1,268
57726,1,268
57727,1,287
57731,1,268
57732,1,287
57733,1,268
57754,1,268
57755,1,268
57756,1,287
57762,1,271
57763,1,268
57764,1,268
57765,1,287
57779,1,268
57780,1,287
57786,1,268
57787,1,271
57791,1,287
57792,1,268
57800,1,268
57801,1,287
57809,1,287
57810,1,268
57818,1,268
57819,1,287
57822,1,268
57823,1,287
57826,1,268
57827,1,287
57838,1,268
57839,1,287
57851,1,287
57862,1,268
57863,1,287
57867,1,268
57878,1,268
57879,1,287
57884,1,268
57887,1,268
59009,9,92
60001,1,0
60002,2,0
60003,1,0
60004,3,0
60005,3,0
60006,2,0
60007,2,0
60008,4,72
60009,4,72
60010,3,0
61000,1,27
61001,2,27
61002,3,27
61003,4,27
61004,5,27
61005,6,27
61006,7,27
61007,8,27
61008,9,27
61009,10,27
61010,11,27
61011,12,27
61012,13,27
61013,14,27
61014,15,8
61015,16,8
61016,17,8
61017,18,8
61018,19,8
61019,20,8
61020,25,8
61021,30,8
61022,35,8
61023,5,8
61024,10,8
61025,6,8
61026,7,8
61027,8,8
61028,9,8
61029,10,8
61030,11,8
61031,12,8
61032,13,8
61033,14,8
61034,15,8
61035,16,8
61036,17,8
61037,18,8
61038,19,8
61039,20,8
61040,21,8
61041,22,8
61042,23,8
61043,24,8
61044,25,8
61045,26,8
61046,27,8
61047,28,8
61048,29,8
61049,30,8
61050,15,27
61051,16,27
61052,17,27
61053,18,27
61054,19,27
61055,20,27
61056,21,27
61057,22,27
61058,23,27
61059,24,27
61060,25,27
61061,4,8
61062,3,27
61063,3,27
61064,6,27
61065,9,27
61066,12,27
61067,15,27
61068,18,27
61069,21,27
61070,24,27
61071,27,27
61072,30,27
61073,33,27
61074,36,27
61075,39,27
61076,42,27
61077,45,27
61078,48,27
61079,3,31
61080,3,31
62000,4,8
62001,5,8
62002,6,8
62003,7,8
62004,8,8
62005,9,8
62006,10,8
62007,11,8
62008,12,8
62009,13,8
62010,14,8
62011,16,8
63003,0,15
63102,5000,1032
63103,1,1032
63104,5000,1032
63105,5000,1032
63106,5000,1032
63109,12,1032
63110,12,1032
63114,10,1032
63115,10,1032
63121,5000,1032
65500,3606,127
